var,city,model,lead,n,ME,MAE
dswrf,강릉,ECMWF,000-024h,98,42.22,61.13
dswrf,강릉,ECMWF,024-048h,96,60.06,76.07
dswrf,강릉,ECMWF,048-072h,92,74.86,103.5
dswrf,강릉,ECMWF,072-120h,172,51.29,91.77
dswrf,강릉,ECMWF,120-240h,152,15.16,117.79
dswrf,강릉,GFS,000-024h,353,41.63,77.65
dswrf,강릉,GFS,024-048h,371,41.51,87.05
dswrf,강릉,GFS,048-072h,361,44.23,95.73
dswrf,강릉,GFS,072-120h,688,40.67,106.57
dswrf,강릉,GFS,120-240h,22,10.0,67.17
dswrf,강릉,KIM,000-024h,234,49.29,95.42
dswrf,강릉,KIM,024-048h,232,33.83,110.23
dswrf,강릉,KIM,048-072h,218,39.95,108.34
dswrf,강릉,KIM,072-120h,221,23.72,103.67
dswrf,강릉,KIM,120-240h,52,-46.13,65.68
dswrf,강릉,KIM,240h+,20,-25.96,78.48
dswrf,광주,ECMWF,000-024h,89,-45.52,122.84
dswrf,광주,ECMWF,024-048h,89,-29.29,141.09
dswrf,광주,ECMWF,048-072h,86,-41.45,157.28
dswrf,광주,ECMWF,072-120h,160,-36.27,155.16
dswrf,광주,ECMWF,120-240h,140,-53.39,171.63
dswrf,광주,GFS,000-024h,340,-39.94,125.69
dswrf,광주,GFS,024-048h,362,-34.21,126.65
dswrf,광주,GFS,048-072h,350,-44.86,128.71
dswrf,광주,GFS,072-120h,660,-58.58,153.89
dswrf,광주,GFS,120-240h,20,-149.88,175.5
dswrf,광주,KIM,000-024h,231,-15.56,108.12
dswrf,광주,KIM,024-048h,222,-12.85,106.68
dswrf,광주,KIM,048-072h,207,-23.38,122.79
dswrf,광주,KIM,072-120h,209,24.32,148.11
dswrf,광주,KIM,120-240h,47,-28.26,53.96
dswrf,광주,KIM,240h+,20,-12.03,53.16
dswrf,대구,ECMWF,000-024h,98,20.19,55.94
dswrf,대구,ECMWF,024-048h,96,14.07,52.56
dswrf,대구,ECMWF,048-072h,92,27.69,87.93
dswrf,대구,ECMWF,072-120h,172,34.77,82.92
dswrf,대구,ECMWF,120-240h,152,-27.46,109.42
dswrf,대구,GFS,000-024h,356,26.22,72.71
dswrf,대구,GFS,024-048h,380,25.71,82.07
dswrf,대구,GFS,048-072h,368,29.76,87.6
dswrf,대구,GFS,072-120h,696,-0.21,100.49
dswrf,대구,GFS,120-240h,22,-65.3,95.12
dswrf,대구,KIM,000-024h,237,44.03,87.52
dswrf,대구,KIM,024-048h,232,46.86,96.69
dswrf,대구,KIM,048-072h,218,31.75,99.96
dswrf,대구,KIM,072-120h,221,46.98,100.35
dswrf,대구,KIM,120-240h,52,-42.42,74.6
dswrf,대구,KIM,240h+,20,-9.59,88.7
dswrf,대전,ECMWF,000-024h,96,4.07,50.85
dswrf,대전,ECMWF,024-048h,94,-7.09,62.02
dswrf,대전,ECMWF,048-072h,90,19.74,71.3
dswrf,대전,ECMWF,072-120h,168,11.61,88.06
dswrf,대전,ECMWF,120-240h,145,-44.87,120.2
dswrf,대전,GFS,000-024h,350,13.57,68.02
dswrf,대전,GFS,024-048h,374,1.32,87.98
dswrf,대전,GFS,048-072h,364,8.29,96.91
dswrf,대전,GFS,072-120h,684,-0.35,108.49
dswrf,대전,GFS,120-240h,22,-95.27,118.53
dswrf,대전,KIM,000-024h,233,8.9,77.65
dswrf,대전,KIM,024-048h,230,6.78,83.69
dswrf,대전,KIM,048-072h,214,23.93,89.56
dswrf,대전,KIM,072-120h,213,19.92,96.93
dswrf,대전,KIM,120-240h,52,-25.96,46.09
dswrf,대전,KIM,240h+,20,-13.35,74.19
dswrf,부산,ECMWF,000-024h,98,21.22,69.95
dswrf,부산,ECMWF,024-048h,96,25.13,80.88
dswrf,부산,ECMWF,048-072h,92,47.07,103.04
dswrf,부산,ECMWF,072-120h,172,30.48,99.82
dswrf,부산,ECMWF,120-240h,152,2.35,113.23
dswrf,부산,GFS,000-024h,336,-0.61,77.06
dswrf,부산,GFS,024-048h,365,14.59,87.89
dswrf,부산,GFS,048-072h,360,8.17,91.44
dswrf,부산,GFS,072-120h,678,-3.72,103.07
dswrf,부산,GFS,120-240h,22,-64.98,87.01
dswrf,부산,KIM,000-024h,237,11.2,72.87
dswrf,부산,KIM,024-048h,232,32.88,88.24
dswrf,부산,KIM,048-072h,218,22.46,89.6
dswrf,부산,KIM,072-120h,221,51.36,119.71
dswrf,부산,KIM,120-240h,52,-31.34,64.52
dswrf,부산,KIM,240h+,20,-8.68,72.16
dswrf,서울,ECMWF,000-024h,98,-13.33,47.1
dswrf,서울,ECMWF,024-048h,96,14.49,67.28
dswrf,서울,ECMWF,048-072h,92,14.87,77.47
dswrf,서울,ECMWF,072-120h,172,18.27,78.1
dswrf,서울,ECMWF,120-240h,152,-19.14,111.72
dswrf,서울,GFS,000-024h,356,2.45,76.48
dswrf,서울,GFS,024-048h,380,19.45,82.7
dswrf,서울,GFS,048-072h,368,35.75,94.02
dswrf,서울,GFS,072-120h,696,24.96,109.21
dswrf,서울,GFS,120-240h,22,3.39,74.0
dswrf,서울,KIM,000-024h,237,34.81,87.17
dswrf,서울,KIM,024-048h,232,21.87,84.63
dswrf,서울,KIM,048-072h,218,21.59,94.65
dswrf,서울,KIM,072-120h,221,25.99,89.41
dswrf,서울,KIM,120-240h,52,-35.6,44.56
dswrf,서울,KIM,240h+,20,-14.77,55.84
dswrf,수원,ECMWF,000-024h,98,-9.6,38.66
dswrf,수원,ECMWF,024-048h,96,16.04,55.61
dswrf,수원,ECMWF,048-072h,92,17.46,72.06
dswrf,수원,ECMWF,072-120h,172,11.16,75.65
dswrf,수원,ECMWF,120-240h,152,-18.16,108.59
dswrf,수원,GFS,000-024h,356,0.78,68.4
dswrf,수원,GFS,024-048h,380,14.45,73.99
dswrf,수원,GFS,048-072h,368,24.81,93.3
dswrf,수원,GFS,072-120h,696,21.0,98.71
dswrf,수원,GFS,120-240h,22,-2.71,65.29
dswrf,수원,KIM,000-024h,237,46.86,79.32
dswrf,수원,KIM,024-048h,232,35.09,85.83
dswrf,수원,KIM,048-072h,218,38.13,86.99
dswrf,수원,KIM,072-120h,221,31.29,84.04
dswrf,수원,KIM,120-240h,52,-42.7,47.18
dswrf,수원,KIM,240h+,20,-1.92,62.89
dswrf,인천,ECMWF,000-024h,98,-4.24,41.57
dswrf,인천,ECMWF,024-048h,96,25.91,62.45
dswrf,인천,ECMWF,048-072h,92,23.72,71.06
dswrf,인천,ECMWF,072-120h,172,23.64,77.85
dswrf,인천,ECMWF,120-240h,152,-13.39,108.47
dswrf,인천,GFS,000-024h,356,7.15,67.16
dswrf,인천,GFS,024-048h,380,26.31,78.26
dswrf,인천,GFS,048-072h,368,41.1,88.44
dswrf,인천,GFS,072-120h,696,21.29,99.77
dswrf,인천,GFS,120-240h,22,14.24,77.03
dswrf,인천,KIM,000-024h,237,31.0,79.46
dswrf,인천,KIM,024-048h,232,23.13,74.13
dswrf,인천,KIM,048-072h,218,34.14,82.57
dswrf,인천,KIM,072-120h,221,21.61,81.57
dswrf,인천,KIM,120-240h,52,-12.44,28.77
dswrf,인천,KIM,240h+,20,-2.25,56.05
dswrf,전주,ECMWF,000-024h,98,10.97,43.98
dswrf,전주,ECMWF,024-048h,96,21.1,56.65
dswrf,전주,ECMWF,048-072h,92,30.53,72.96
dswrf,전주,ECMWF,072-120h,172,34.05,72.68
dswrf,전주,ECMWF,120-240h,152,-33.48,107.63
dswrf,전주,GFS,000-024h,356,17.51,69.3
dswrf,전주,GFS,024-048h,380,13.34,77.91
dswrf,전주,GFS,048-072h,368,17.87,79.13
dswrf,전주,GFS,072-120h,696,-8.56,98.33
dswrf,전주,GFS,120-240h,22,-83.23,102.01
dswrf,전주,KIM,000-024h,237,15.1,72.89
dswrf,전주,KIM,024-048h,232,13.61,72.16
dswrf,전주,KIM,048-072h,218,15.81,83.21
dswrf,전주,KIM,072-120h,221,17.67,97.06
dswrf,전주,KIM,120-240h,52,-23.4,43.85
dswrf,전주,KIM,240h+,20,8.13,64.97
dswrf,제주,ECMWF,000-024h,98,87.86,102.36
dswrf,제주,ECMWF,024-048h,96,88.95,108.51
dswrf,제주,ECMWF,048-072h,92,107.82,123.22
dswrf,제주,ECMWF,072-120h,172,84.31,108.7
dswrf,제주,ECMWF,120-240h,152,38.05,115.18
dswrf,제주,GFS,000-024h,356,94.84,108.46
dswrf,제주,GFS,024-048h,380,88.7,117.81
dswrf,제주,GFS,048-072h,368,85.11,132.37
dswrf,제주,GFS,072-120h,696,54.55,142.7
dswrf,제주,GFS,120-240h,22,-2.07,112.78
dswrf,제주,KIM,000-024h,237,89.01,116.37
dswrf,제주,KIM,024-048h,232,100.79,127.38
dswrf,제주,KIM,048-072h,218,82.03,118.13
dswrf,제주,KIM,072-120h,221,91.9,124.94
dswrf,제주,KIM,120-240h,52,32.52,73.7
dswrf,제주,KIM,240h+,20,51.63,77.11
t2m,강릉,ECMWF,000-024h,421,-0.57,1.26
t2m,강릉,ECMWF,024-048h,416,-0.42,1.29
t2m,강릉,ECMWF,048-072h,409,-0.44,1.34
t2m,강릉,ECMWF,072-120h,794,-0.41,1.51
t2m,강릉,ECMWF,120-240h,1117,-0.34,1.61
t2m,강릉,ECMWF,240h+,44,-0.05,1.57
t2m,강릉,GFS,000-024h,849,-0.76,1.55
t2m,강릉,GFS,024-048h,838,-0.78,1.62
t2m,강릉,GFS,048-072h,813,-0.8,1.71
t2m,강릉,GFS,072-120h,1544,-0.94,1.85
t2m,강릉,GFS,120-240h,446,-0.9,1.52
t2m,강릉,GFS,240h+,21,-1.29,1.92
t2m,강릉,KIM,000-024h,547,-0.17,1.29
t2m,강릉,KIM,024-048h,513,-0.04,1.48
t2m,강릉,KIM,048-072h,473,0.03,1.6
t2m,강릉,KIM,072-120h,456,-0.05,1.51
t2m,강릉,KIM,120-240h,207,0.3,1.22
t2m,강릉,KIM,240h+,69,0.29,1.34
t2m,광주,ECMWF,000-024h,421,-1.57,1.8
t2m,광주,ECMWF,024-048h,416,-1.65,1.94
t2m,광주,ECMWF,048-072h,409,-1.59,1.93
t2m,광주,ECMWF,072-120h,794,-1.73,2.14
t2m,광주,ECMWF,120-240h,1117,-1.76,2.22
t2m,광주,ECMWF,240h+,44,-2.04,2.34
t2m,광주,GFS,000-024h,849,-2.61,2.71
t2m,광주,GFS,024-048h,838,-2.8,2.88
t2m,광주,GFS,048-072h,813,-2.81,2.92
t2m,광주,GFS,072-120h,1544,-2.97,3.09
t2m,광주,GFS,120-240h,446,-2.97,3.09
t2m,광주,GFS,240h+,21,-3.06,3.1
t2m,광주,KIM,000-024h,547,-1.61,1.69
t2m,광주,KIM,024-048h,513,-1.7,1.84
t2m,광주,KIM,048-072h,473,-1.67,1.84
t2m,광주,KIM,072-120h,456,-1.44,1.88
t2m,광주,KIM,120-240h,207,-1.02,1.57
t2m,광주,KIM,240h+,69,-1.2,1.75
t2m,대구,ECMWF,000-024h,421,-2.4,2.43
t2m,대구,ECMWF,024-048h,416,-2.35,2.41
t2m,대구,ECMWF,048-072h,409,-2.26,2.41
t2m,대구,ECMWF,072-120h,794,-2.35,2.56
t2m,대구,ECMWF,120-240h,1117,-2.5,2.79
t2m,대구,ECMWF,240h+,44,-3.42,3.59
t2m,대구,GFS,000-024h,849,-2.99,3.05
t2m,대구,GFS,024-048h,838,-3.07,3.14
t2m,대구,GFS,048-072h,813,-2.96,3.05
t2m,대구,GFS,072-120h,1544,-3.14,3.22
t2m,대구,GFS,120-240h,446,-3.37,3.52
t2m,대구,GFS,240h+,21,-3.6,4.04
t2m,대구,KIM,000-024h,547,-1.59,1.76
t2m,대구,KIM,024-048h,513,-1.54,1.76
t2m,대구,KIM,048-072h,473,-1.5,1.76
t2m,대구,KIM,072-120h,456,-1.57,1.9
t2m,대구,KIM,120-240h,207,-1.13,1.84
t2m,대구,KIM,240h+,69,-1.15,2.15
t2m,대전,ECMWF,000-024h,421,-1.39,1.56
t2m,대전,ECMWF,024-048h,416,-1.46,1.75
t2m,대전,ECMWF,048-072h,409,-1.29,1.72
t2m,대전,ECMWF,072-120h,794,-1.25,1.71
t2m,대전,ECMWF,120-240h,1117,-1.21,1.86
t2m,대전,ECMWF,240h+,44,-1.85,2.39
t2m,대전,GFS,000-024h,849,-1.81,1.93
t2m,대전,GFS,024-048h,838,-1.98,2.16
t2m,대전,GFS,048-072h,813,-1.96,2.2
t2m,대전,GFS,072-120h,1544,-1.99,2.29
t2m,대전,GFS,120-240h,446,-2.4,2.63
t2m,대전,GFS,240h+,21,-3.0,3.25
t2m,대전,KIM,000-024h,547,-1.8,1.9
t2m,대전,KIM,024-048h,513,-1.81,2.05
t2m,대전,KIM,048-072h,473,-1.65,1.92
t2m,대전,KIM,072-120h,456,-1.57,1.99
t2m,대전,KIM,120-240h,207,-1.34,1.96
t2m,대전,KIM,240h+,69,-1.65,2.15
t2m,부산,ECMWF,000-024h,421,-0.35,1.67
t2m,부산,ECMWF,024-048h,416,-0.5,1.62
t2m,부산,ECMWF,048-072h,409,-0.46,1.68
t2m,부산,ECMWF,072-120h,794,-0.52,1.69
t2m,부산,ECMWF,120-240h,1117,-0.63,1.84
t2m,부산,ECMWF,240h+,44,0.22,1.34
t2m,부산,GFS,000-024h,849,-0.51,1.43
t2m,부산,GFS,024-048h,838,-0.61,1.46
t2m,부산,GFS,048-072h,813,-0.48,1.52
t2m,부산,GFS,072-120h,1544,-0.69,1.61
t2m,부산,GFS,120-240h,446,-0.21,1.43
t2m,부산,GFS,240h+,21,-0.14,1.66
t2m,부산,KIM,000-024h,547,-1.1,1.32
t2m,부산,KIM,024-048h,513,-0.96,1.27
t2m,부산,KIM,048-072h,473,-1.06,1.35
t2m,부산,KIM,072-120h,456,-0.82,1.44
t2m,부산,KIM,120-240h,207,-0.11,1.08
t2m,부산,KIM,240h+,69,-0.04,1.8
t2m,서울,ECMWF,000-024h,421,-0.47,0.93
t2m,서울,ECMWF,024-048h,416,-0.54,1.16
t2m,서울,ECMWF,048-072h,409,-0.5,1.38
t2m,서울,ECMWF,072-120h,794,-0.31,1.43
t2m,서울,ECMWF,120-240h,1117,-0.38,1.52
t2m,서울,ECMWF,240h+,44,-0.73,1.83
t2m,서울,GFS,000-024h,849,-0.02,0.97
t2m,서울,GFS,024-048h,838,0.01,1.18
t2m,서울,GFS,048-072h,813,0.21,1.3
t2m,서울,GFS,072-120h,1544,0.29,1.51
t2m,서울,GFS,120-240h,446,0.15,1.41
t2m,서울,GFS,240h+,21,-0.36,1.55
t2m,서울,KIM,000-024h,547,-1.33,1.74
t2m,서울,KIM,024-048h,513,-1.35,1.8
t2m,서울,KIM,048-072h,473,-1.24,1.77
t2m,서울,KIM,072-120h,456,-1.25,1.86
t2m,서울,KIM,120-240h,207,-1.05,1.7
t2m,서울,KIM,240h+,69,-1.41,1.89
t2m,수원,ECMWF,000-024h,421,-0.46,0.95
t2m,수원,ECMWF,024-048h,416,-0.48,1.12
t2m,수원,ECMWF,048-072h,409,-0.49,1.29
t2m,수원,ECMWF,072-120h,794,-0.25,1.37
t2m,수원,ECMWF,120-240h,1117,-0.24,1.46
t2m,수원,ECMWF,240h+,44,-0.55,1.69
t2m,수원,GFS,000-024h,849,-0.02,1.21
t2m,수원,GFS,024-048h,838,-0.08,1.34
t2m,수원,GFS,048-072h,813,0.08,1.5
t2m,수원,GFS,072-120h,1544,0.19,1.59
t2m,수원,GFS,120-240h,446,0.17,1.43
t2m,수원,GFS,240h+,21,-0.45,1.72
t2m,수원,KIM,000-024h,547,-0.61,1.08
t2m,수원,KIM,024-048h,513,-0.66,1.25
t2m,수원,KIM,048-072h,473,-0.61,1.25
t2m,수원,KIM,072-120h,456,-0.48,1.27
t2m,수원,KIM,120-240h,207,-0.41,1.24
t2m,수원,KIM,240h+,69,-0.73,1.47
t2m,인천,ECMWF,000-024h,421,-0.59,1.11
t2m,인천,ECMWF,024-048h,416,-0.58,1.34
t2m,인천,ECMWF,048-072h,409,-0.64,1.53
t2m,인천,ECMWF,072-120h,794,-0.43,1.5
t2m,인천,ECMWF,120-240h,1117,-0.44,1.57
t2m,인천,ECMWF,240h+,44,-0.91,1.67
t2m,인천,GFS,000-024h,849,0.06,0.89
t2m,인천,GFS,024-048h,838,0.07,1.04
t2m,인천,GFS,048-072h,813,0.19,1.11
t2m,인천,GFS,072-120h,1544,0.21,1.26
t2m,인천,GFS,120-240h,446,0.14,1.27
t2m,인천,GFS,240h+,21,-0.33,1.6
t2m,인천,KIM,000-024h,547,-1.93,2.14
t2m,인천,KIM,024-048h,513,-2.03,2.32
t2m,인천,KIM,048-072h,473,-2.08,2.32
t2m,인천,KIM,072-120h,456,-2.06,2.36
t2m,인천,KIM,120-240h,207,-1.88,2.12
t2m,인천,KIM,240h+,69,-2.26,2.42
t2m,전주,ECMWF,000-024h,421,-1.53,1.68
t2m,전주,ECMWF,024-048h,416,-1.58,1.8
t2m,전주,ECMWF,048-072h,409,-1.53,1.81
t2m,전주,ECMWF,072-120h,794,-1.53,1.78
t2m,전주,ECMWF,120-240h,1117,-1.43,1.92
t2m,전주,ECMWF,240h+,44,-1.89,2.38
t2m,전주,GFS,000-024h,849,-2.3,2.37
t2m,전주,GFS,024-048h,838,-2.5,2.61
t2m,전주,GFS,048-072h,813,-2.49,2.6
t2m,전주,GFS,072-120h,1544,-2.69,2.81
t2m,전주,GFS,120-240h,446,-2.86,3.01
t2m,전주,GFS,240h+,21,-2.97,3.06
t2m,전주,KIM,000-024h,547,-2.52,2.57
t2m,전주,KIM,024-048h,513,-2.58,2.65
t2m,전주,KIM,048-072h,473,-2.52,2.61
t2m,전주,KIM,072-120h,456,-2.11,2.38
t2m,전주,KIM,120-240h,207,-1.72,2.26
t2m,전주,KIM,240h+,69,-2.08,2.47
t2m,제주,ECMWF,000-024h,421,-2.74,2.75
t2m,제주,ECMWF,024-048h,416,-2.82,2.83
t2m,제주,ECMWF,048-072h,409,-2.85,2.85
t2m,제주,ECMWF,072-120h,794,-2.82,2.82
t2m,제주,ECMWF,120-240h,1117,-2.73,2.78
t2m,제주,ECMWF,240h+,44,-2.45,2.58
t2m,제주,GFS,000-024h,849,-2.64,2.65
t2m,제주,GFS,024-048h,838,-2.82,2.82
t2m,제주,GFS,048-072h,813,-2.86,2.86
t2m,제주,GFS,072-120h,1544,-2.97,2.98
t2m,제주,GFS,120-240h,446,-2.5,2.58
t2m,제주,GFS,240h+,21,-2.73,2.93
t2m,제주,KIM,000-024h,547,-2.13,2.23
t2m,제주,KIM,024-048h,513,-2.13,2.25
t2m,제주,KIM,048-072h,473,-2.23,2.3
t2m,제주,KIM,072-120h,456,-1.56,1.79
t2m,제주,KIM,120-240h,207,-1.04,1.46
t2m,제주,KIM,240h+,69,-1.49,1.7
tcc,강릉,ECMWF,000-024h,421,3.0,18.8
tcc,강릉,ECMWF,024-048h,416,4.04,18.98
tcc,강릉,ECMWF,048-072h,409,3.07,21.43
tcc,강릉,ECMWF,072-120h,794,9.2,24.28
tcc,강릉,ECMWF,120-240h,1117,13.14,32.66
tcc,강릉,ECMWF,240h+,44,22.16,37.93
tcc,강릉,GFS,000-024h,849,7.05,20.26
tcc,강릉,GFS,024-048h,838,11.76,23.25
tcc,강릉,GFS,048-072h,813,13.35,26.76
tcc,강릉,GFS,072-120h,1544,14.63,29.63
tcc,강릉,GFS,120-240h,446,26.04,42.28
tcc,강릉,GFS,240h+,21,27.86,53.86
tcc,강릉,KIM,000-024h,547,18.68,28.55
tcc,강릉,KIM,024-048h,513,20.12,32.48
tcc,강릉,KIM,048-072h,473,21.16,34.5
tcc,강릉,KIM,072-120h,456,27.05,37.53
tcc,강릉,KIM,120-240h,207,39.58,45.93
tcc,강릉,KIM,240h+,69,26.54,50.1
tcc,광주,ECMWF,000-024h,421,0.25,18.53
tcc,광주,ECMWF,024-048h,416,-2.37,23.01
tcc,광주,ECMWF,048-072h,409,-5.0,25.31
tcc,광주,ECMWF,072-120h,794,2.29,29.25
tcc,광주,ECMWF,120-240h,1117,7.92,32.62
tcc,광주,ECMWF,240h+,44,-1.27,38.64
tcc,광주,GFS,000-024h,849,4.49,21.3
tcc,광주,GFS,024-048h,838,6.81,23.87
tcc,광주,GFS,048-072h,813,7.57,26.07
tcc,광주,GFS,072-120h,1544,8.33,28.84
tcc,광주,GFS,120-240h,446,6.29,30.16
tcc,광주,GFS,240h+,21,5.86,40.52
tcc,광주,KIM,000-024h,547,21.97,30.34
tcc,광주,KIM,024-048h,513,17.93,32.44
tcc,광주,KIM,048-072h,473,14.26,35.5
tcc,광주,KIM,072-120h,456,18.37,30.96
tcc,광주,KIM,120-240h,207,19.85,34.29
tcc,광주,KIM,240h+,69,11.86,33.16
tcc,대구,ECMWF,000-024h,420,-1.01,19.71
tcc,대구,ECMWF,024-048h,415,-2.82,21.0
tcc,대구,ECMWF,048-072h,408,-4.25,25.89
tcc,대구,ECMWF,072-120h,791,2.02,29.49
tcc,대구,ECMWF,120-240h,1116,7.83,33.22
tcc,대구,ECMWF,240h+,44,4.27,35.77
tcc,대구,GFS,000-024h,846,2.35,21.48
tcc,대구,GFS,024-048h,835,4.04,23.95
tcc,대구,GFS,048-072h,810,4.01,27.09
tcc,대구,GFS,072-120h,1537,6.62,29.01
tcc,대구,GFS,120-240h,446,7.3,29.53
tcc,대구,GFS,240h+,21,0.24,41.76
tcc,대구,KIM,000-024h,546,13.9,29.1
tcc,대구,KIM,024-048h,512,11.27,32.34
tcc,대구,KIM,048-072h,472,9.09,35.76
tcc,대구,KIM,072-120h,456,13.75,30.56
tcc,대구,KIM,120-240h,207,13.36,33.77
tcc,대구,KIM,240h+,69,7.06,34.77
tcc,대전,ECMWF,000-024h,421,0.28,18.05
tcc,대전,ECMWF,024-048h,416,1.82,20.05
tcc,대전,ECMWF,048-072h,409,-3.26,23.93
tcc,대전,ECMWF,072-120h,794,4.34,25.22
tcc,대전,ECMWF,120-240h,1117,8.66,29.92
tcc,대전,ECMWF,240h+,44,-0.45,36.23
tcc,대전,GFS,000-024h,849,7.28,20.18
tcc,대전,GFS,024-048h,838,9.27,23.68
tcc,대전,GFS,048-072h,813,9.21,25.82
tcc,대전,GFS,072-120h,1544,11.15,28.31
tcc,대전,GFS,120-240h,446,16.04,36.34
tcc,대전,GFS,240h+,21,19.52,46.38
tcc,대전,KIM,000-024h,547,22.55,30.57
tcc,대전,KIM,024-048h,513,23.2,33.8
tcc,대전,KIM,048-072h,473,17.2,35.14
tcc,대전,KIM,072-120h,456,24.86,34.86
tcc,대전,KIM,120-240h,207,27.24,43.63
tcc,대전,KIM,240h+,69,22.17,43.42
tcc,부산,ECMWF,000-024h,421,-2.64,18.87
tcc,부산,ECMWF,024-048h,416,-5.16,23.46
tcc,부산,ECMWF,048-072h,409,-4.89,25.76
tcc,부산,ECMWF,072-120h,794,-2.03,28.31
tcc,부산,ECMWF,120-240h,1117,8.91,31.14
tcc,부산,ECMWF,240h+,44,13.18,35.14
tcc,부산,GFS,000-024h,849,6.01,23.33
tcc,부산,GFS,024-048h,838,8.65,24.25
tcc,부산,GFS,048-072h,813,8.66,27.96
tcc,부산,GFS,072-120h,1544,7.09,28.97
tcc,부산,GFS,120-240h,446,7.78,27.22
tcc,부산,GFS,240h+,21,4.9,34.24
tcc,부산,KIM,000-024h,547,18.95,28.87
tcc,부산,KIM,024-048h,513,15.29,31.7
tcc,부산,KIM,048-072h,473,15.84,31.81
tcc,부산,KIM,072-120h,456,19.24,33.71
tcc,부산,KIM,120-240h,207,16.3,37.91
tcc,부산,KIM,240h+,69,7.32,36.1
tcc,서울,ECMWF,000-024h,421,1.83,17.09
tcc,서울,ECMWF,024-048h,416,2.08,16.95
tcc,서울,ECMWF,048-072h,409,-0.03,19.2
tcc,서울,ECMWF,072-120h,794,5.55,23.55
tcc,서울,ECMWF,120-240h,1117,8.13,31.04
tcc,서울,ECMWF,240h+,44,5.32,48.14
tcc,서울,GFS,000-024h,849,6.42,19.14
tcc,서울,GFS,024-048h,838,8.42,22.12
tcc,서울,GFS,048-072h,813,9.88,24.77
tcc,서울,GFS,072-120h,1544,10.77,28.41
tcc,서울,GFS,120-240h,446,18.2,40.8
tcc,서울,GFS,240h+,21,30.14,52.62
tcc,서울,KIM,000-024h,547,24.38,31.1
tcc,서울,KIM,024-048h,513,21.37,32.66
tcc,서울,KIM,048-072h,473,24.47,36.06
tcc,서울,KIM,072-120h,456,26.02,36.38
tcc,서울,KIM,120-240h,207,29.49,38.82
tcc,서울,KIM,240h+,69,32.9,51.42
tcc,수원,ECMWF,000-024h,421,1.98,18.13
tcc,수원,ECMWF,024-048h,416,1.74,19.26
tcc,수원,ECMWF,048-072h,409,0.51,21.3
tcc,수원,ECMWF,072-120h,794,6.23,24.15
tcc,수원,ECMWF,120-240h,1117,8.99,30.38
tcc,수원,ECMWF,240h+,44,7.86,44.32
tcc,수원,GFS,000-024h,849,6.77,19.9
tcc,수원,GFS,024-048h,838,9.32,22.95
tcc,수원,GFS,048-072h,813,11.36,25.73
tcc,수원,GFS,072-120h,1544,11.9,27.76
tcc,수원,GFS,120-240h,446,17.6,35.01
tcc,수원,GFS,240h+,21,23.29,53.57
tcc,수원,KIM,000-024h,547,24.49,31.54
tcc,수원,KIM,024-048h,513,20.41,34.31
tcc,수원,KIM,048-072h,473,20.79,36.9
tcc,수원,KIM,072-120h,456,25.61,35.38
tcc,수원,KIM,120-240h,207,27.01,36.57
tcc,수원,KIM,240h+,69,27.52,45.35
tcc,인천,ECMWF,000-024h,421,2.96,17.24
tcc,인천,ECMWF,024-048h,416,2.66,17.44
tcc,인천,ECMWF,048-072h,409,1.61,19.51
tcc,인천,ECMWF,072-120h,794,6.84,23.48
tcc,인천,ECMWF,120-240h,1117,8.82,32.29
tcc,인천,ECMWF,240h+,44,8.09,50.64
tcc,인천,GFS,000-024h,849,8.75,18.43
tcc,인천,GFS,024-048h,838,9.78,22.69
tcc,인천,GFS,048-072h,813,10.84,26.0
tcc,인천,GFS,072-120h,1544,11.85,28.82
tcc,인천,GFS,120-240h,446,15.56,39.78
tcc,인천,GFS,240h+,21,26.71,51.0
tcc,인천,KIM,000-024h,547,26.57,31.59
tcc,인천,KIM,024-048h,513,22.83,32.99
tcc,인천,KIM,048-072h,473,25.44,36.88
tcc,인천,KIM,072-120h,456,28.2,36.18
tcc,인천,KIM,120-240h,207,27.31,37.8
tcc,인천,KIM,240h+,69,29.81,48.3
tcc,전주,ECMWF,000-024h,421,0.66,18.79
tcc,전주,ECMWF,024-048h,416,-1.2,21.82
tcc,전주,ECMWF,048-072h,409,-6.01,25.53
tcc,전주,ECMWF,072-120h,794,1.81,28.69
tcc,전주,ECMWF,120-240h,1117,8.74,31.97
tcc,전주,ECMWF,240h+,44,1.57,37.84
tcc,전주,GFS,000-024h,849,6.14,20.55
tcc,전주,GFS,024-048h,838,7.95,24.34
tcc,전주,GFS,048-072h,813,8.03,27.49
tcc,전주,GFS,072-120h,1544,9.4,28.56
tcc,전주,GFS,120-240h,446,15.89,34.74
tcc,전주,GFS,240h+,21,20.33,42.52
tcc,전주,KIM,000-024h,547,24.19,32.51
tcc,전주,KIM,024-048h,513,22.64,34.44
tcc,전주,KIM,048-072h,473,15.95,36.65
tcc,전주,KIM,072-120h,456,21.66,32.88
tcc,전주,KIM,120-240h,207,25.42,42.98
tcc,전주,KIM,240h+,69,18.65,36.74
tcc,제주,ECMWF,000-024h,421,0.16,22.36
tcc,제주,ECMWF,024-048h,416,0.57,27.36
tcc,제주,ECMWF,048-072h,409,2.2,28.01
tcc,제주,ECMWF,072-120h,794,2.63,29.15
tcc,제주,ECMWF,120-240h,1117,11.71,31.61
tcc,제주,ECMWF,240h+,44,4.5,40.0
tcc,제주,GFS,000-024h,849,-2.43,24.34
tcc,제주,GFS,024-048h,838,-0.76,26.02
tcc,제주,GFS,048-072h,813,-3.82,25.8
tcc,제주,GFS,072-120h,1544,-0.6,27.94
tcc,제주,GFS,120-240h,446,-2.98,27.6
tcc,제주,GFS,240h+,21,-6.76,31.52
tcc,제주,KIM,000-024h,547,20.55,27.72
tcc,제주,KIM,024-048h,513,16.48,27.59
tcc,제주,KIM,048-072h,473,14.34,26.58
tcc,제주,KIM,072-120h,456,20.07,26.69
tcc,제주,KIM,120-240h,207,15.56,27.98
tcc,제주,KIM,240h+,69,9.1,27.3
