model,run_utc,valid_kst,step_h,city,rep,t2m_C,tcc_pct,lcc_pct,mcc_pct,hcc_pct,dswrf_avg_Wm2
ECMWF,2026-08-19 12:00,2026-08-19 21:00,0,서울,1,27.2,18.0,,,,
ECMWF,2026-08-19 12:00,2026-08-20 00:00,3,서울,1,25.2,98.0,,,,
ECMWF,2026-08-19 12:00,2026-08-20 03:00,6,서울,1,24.8,100.0,,,,
ECMWF,2026-08-19 12:00,2026-08-20 06:00,9,서울,1,24.4,100.0,,,,
ECMWF,2026-08-19 12:00,2026-08-20 09:00,12,서울,1,26.4,100.0,,,,
ECMWF,2026-08-19 12:00,2026-08-20 12:00,15,서울,1,28.3,100.0,,,,
ECMWF,2026-08-19 12:00,2026-08-20 15:00,18,서울,1,28.8,99.0,,,,
ECMWF,2026-08-19 12:00,2026-08-20 18:00,21,서울,1,29.4,96.0,,,,
ECMWF,2026-08-19 12:00,2026-08-20 21:00,24,서울,1,27.5,100.0,,,,
ECMWF,2026-08-19 12:00,2026-08-21 00:00,27,서울,1,26.1,81.0,,,,
ECMWF,2026-08-19 12:00,2026-08-21 03:00,30,서울,1,25.5,100.0,,,,
ECMWF,2026-08-19 12:00,2026-08-21 06:00,33,서울,1,25.2,100.0,,,,
ECMWF,2026-08-19 12:00,2026-08-21 09:00,36,서울,1,26.1,100.0,,,,
ECMWF,2026-08-19 12:00,2026-08-21 12:00,39,서울,1,25.4,100.0,,,,
ECMWF,2026-08-19 12:00,2026-08-21 15:00,42,서울,1,26.1,100.0,,,,
ECMWF,2026-08-19 12:00,2026-08-21 18:00,45,서울,1,26.1,100.0,,,,
ECMWF,2026-08-19 12:00,2026-08-21 21:00,48,서울,1,25.4,96.0,,,,
ECMWF,2026-08-19 12:00,2026-08-22 00:00,51,서울,1,25.1,100.0,,,,
ECMWF,2026-08-19 12:00,2026-08-22 03:00,54,서울,1,24.9,100.0,,,,
ECMWF,2026-08-19 12:00,2026-08-22 06:00,57,서울,1,23.7,100.0,,,,
ECMWF,2026-08-19 12:00,2026-08-22 09:00,60,서울,1,24.4,100.0,,,,
ECMWF,2026-08-19 12:00,2026-08-22 12:00,63,서울,1,27.8,100.0,,,,
ECMWF,2026-08-19 12:00,2026-08-22 15:00,66,서울,1,30.1,57.0,,,,
ECMWF,2026-08-19 12:00,2026-08-22 18:00,69,서울,1,30.0,90.0,,,,
ECMWF,2026-08-19 12:00,2026-08-22 21:00,72,서울,1,27.7,91.0,,,,
ECMWF,2026-08-19 12:00,2026-08-23 00:00,75,서울,1,26.9,49.0,,,,
ECMWF,2026-08-19 12:00,2026-08-23 03:00,78,서울,1,26.1,100.0,,,,
ECMWF,2026-08-19 12:00,2026-08-23 06:00,81,서울,1,25.5,95.0,,,,
ECMWF,2026-08-19 12:00,2026-08-23 09:00,84,서울,1,28.6,45.0,,,,
ECMWF,2026-08-19 12:00,2026-08-23 12:00,87,서울,1,31.7,39.0,,,,
ECMWF,2026-08-19 12:00,2026-08-23 15:00,90,서울,1,33.6,91.0,,,,
ECMWF,2026-08-19 12:00,2026-08-23 18:00,93,서울,1,31.1,99.0,,,,
ECMWF,2026-08-19 12:00,2026-08-23 21:00,96,서울,1,28.8,91.0,,,,
ECMWF,2026-08-19 12:00,2026-08-24 00:00,99,서울,1,27.6,99.0,,,,
ECMWF,2026-08-19 12:00,2026-08-24 03:00,102,서울,1,26.3,97.0,,,,
ECMWF,2026-08-19 12:00,2026-08-24 06:00,105,서울,1,25.6,55.0,,,,
ECMWF,2026-08-19 12:00,2026-08-24 09:00,108,서울,1,28.8,89.0,,,,
ECMWF,2026-08-19 12:00,2026-08-24 12:00,111,서울,1,31.5,91.0,,,,
ECMWF,2026-08-19 12:00,2026-08-24 15:00,114,서울,1,32.6,99.0,,,,
ECMWF,2026-08-19 12:00,2026-08-24 18:00,117,서울,1,29.6,100.0,,,,
ECMWF,2026-08-19 12:00,2026-08-24 21:00,120,서울,1,27.4,100.0,,,,
ECMWF,2026-08-19 12:00,2026-08-25 00:00,123,서울,1,26.8,95.0,,,,
ECMWF,2026-08-19 12:00,2026-08-25 03:00,126,서울,1,26.1,100.0,,,,
ECMWF,2026-08-19 12:00,2026-08-25 06:00,129,서울,1,25.8,99.0,,,,
ECMWF,2026-08-19 12:00,2026-08-25 09:00,132,서울,1,27.8,80.0,,,,
ECMWF,2026-08-19 12:00,2026-08-25 12:00,135,서울,1,29.3,92.0,,,,
ECMWF,2026-08-19 12:00,2026-08-25 15:00,138,서울,1,26.7,100.0,,,,
ECMWF,2026-08-19 12:00,2026-08-25 18:00,141,서울,1,26.1,95.0,,,,
ECMWF,2026-08-19 12:00,2026-08-25 21:00,144,서울,1,25.6,54.0,,,,
ECMWF,2026-08-19 12:00,2026-08-26 03:00,150,서울,1,24.8,100.0,,,,
ECMWF,2026-08-19 12:00,2026-08-26 09:00,156,서울,1,25.9,100.0,,,,
ECMWF,2026-08-19 12:00,2026-08-26 15:00,162,서울,1,30.2,37.0,,,,
ECMWF,2026-08-19 12:00,2026-08-26 21:00,168,서울,1,25.9,36.0,,,,
ECMWF,2026-08-19 12:00,2026-08-27 03:00,174,서울,1,23.8,37.0,,,,
ECMWF,2026-08-19 12:00,2026-08-27 09:00,180,서울,1,26.0,73.0,,,,
ECMWF,2026-08-19 12:00,2026-08-27 15:00,186,서울,1,31.8,59.0,,,,
ECMWF,2026-08-19 12:00,2026-08-27 21:00,192,서울,1,27.5,99.0,,,,
ECMWF,2026-08-19 12:00,2026-08-28 03:00,198,서울,1,26.5,97.0,,,,
ECMWF,2026-08-19 12:00,2026-08-28 09:00,204,서울,1,27.4,98.0,,,,
ECMWF,2026-08-19 12:00,2026-08-28 15:00,210,서울,1,28.3,92.0,,,,
ECMWF,2026-08-19 12:00,2026-08-28 21:00,216,서울,1,25.6,89.0,,,,
ECMWF,2026-08-19 12:00,2026-08-29 03:00,222,서울,1,25.2,100.0,,,,
ECMWF,2026-08-19 12:00,2026-08-29 09:00,228,서울,1,26.1,52.0,,,,
ECMWF,2026-08-19 12:00,2026-08-29 15:00,234,서울,1,28.3,33.0,,,,
ECMWF,2026-08-19 12:00,2026-08-29 21:00,240,서울,1,24.3,100.0,,,,
ECMWF,2026-08-19 12:00,2026-08-19 21:00,0,대전,1,24.0,95.0,,,,
ECMWF,2026-08-19 12:00,2026-08-20 00:00,3,대전,1,23.8,100.0,,,,
ECMWF,2026-08-19 12:00,2026-08-20 03:00,6,대전,1,23.2,100.0,,,,
ECMWF,2026-08-19 12:00,2026-08-20 06:00,9,대전,1,22.5,100.0,,,,
ECMWF,2026-08-19 12:00,2026-08-20 09:00,12,대전,1,24.2,98.0,,,,
ECMWF,2026-08-19 12:00,2026-08-20 12:00,15,대전,1,28.5,100.0,,,,
ECMWF,2026-08-19 12:00,2026-08-20 15:00,18,대전,1,30.1,81.0,,,,
ECMWF,2026-08-19 12:00,2026-08-20 18:00,21,대전,1,28.3,26.0,,,,
ECMWF,2026-08-19 12:00,2026-08-20 21:00,24,대전,1,25.1,99.0,,,,
ECMWF,2026-08-19 12:00,2026-08-21 00:00,27,대전,1,24.4,87.0,,,,
ECMWF,2026-08-19 12:00,2026-08-21 03:00,30,대전,1,23.6,79.0,,,,
ECMWF,2026-08-19 12:00,2026-08-21 06:00,33,대전,1,23.1,99.0,,,,
ECMWF,2026-08-19 12:00,2026-08-21 09:00,36,대전,1,26.0,99.0,,,,
ECMWF,2026-08-19 12:00,2026-08-21 12:00,39,대전,1,27.3,100.0,,,,
ECMWF,2026-08-19 12:00,2026-08-21 15:00,42,대전,1,28.4,100.0,,,,
ECMWF,2026-08-19 12:00,2026-08-21 18:00,45,대전,1,26.7,100.0,,,,
ECMWF,2026-08-19 12:00,2026-08-21 21:00,48,대전,1,25.4,100.0,,,,
ECMWF,2026-08-19 12:00,2026-08-22 00:00,51,대전,1,24.8,99.0,,,,
ECMWF,2026-08-19 12:00,2026-08-22 03:00,54,대전,1,24.2,80.0,,,,
ECMWF,2026-08-19 12:00,2026-08-22 06:00,57,대전,1,23.4,100.0,,,,
ECMWF,2026-08-19 12:00,2026-08-22 09:00,60,대전,1,26.8,100.0,,,,
ECMWF,2026-08-19 12:00,2026-08-22 12:00,63,대전,1,31.3,25.0,,,,
ECMWF,2026-08-19 12:00,2026-08-22 15:00,66,대전,1,33.0,92.0,,,,
ECMWF,2026-08-19 12:00,2026-08-22 18:00,69,대전,1,27.6,19.0,,,,
ECMWF,2026-08-19 12:00,2026-08-22 21:00,72,대전,1,25.4,9.0,,,,
ECMWF,2026-08-19 12:00,2026-08-23 00:00,75,대전,1,24.5,89.0,,,,
ECMWF,2026-08-19 12:00,2026-08-23 03:00,78,대전,1,23.8,99.0,,,,
ECMWF,2026-08-19 12:00,2026-08-23 06:00,81,대전,1,23.3,98.0,,,,
ECMWF,2026-08-19 12:00,2026-08-23 09:00,84,대전,1,27.1,80.0,,,,
ECMWF,2026-08-19 12:00,2026-08-23 12:00,87,대전,1,31.9,22.0,,,,
ECMWF,2026-08-19 12:00,2026-08-23 15:00,90,대전,1,33.2,86.0,,,,
ECMWF,2026-08-19 12:00,2026-08-23 18:00,93,대전,1,29.9,41.0,,,,
ECMWF,2026-08-19 12:00,2026-08-23 21:00,96,대전,1,27.2,20.0,,,,
ECMWF,2026-08-19 12:00,2026-08-24 00:00,99,대전,1,25.6,54.0,,,,
ECMWF,2026-08-19 12:00,2026-08-24 03:00,102,대전,1,24.1,59.0,,,,
ECMWF,2026-08-19 12:00,2026-08-24 06:00,105,대전,1,23.0,91.0,,,,
ECMWF,2026-08-19 12:00,2026-08-24 09:00,108,대전,1,28.6,97.0,,,,
ECMWF,2026-08-19 12:00,2026-08-24 12:00,111,대전,1,31.8,32.0,,,,
ECMWF,2026-08-19 12:00,2026-08-24 15:00,114,대전,1,31.9,80.0,,,,
ECMWF,2026-08-19 12:00,2026-08-24 18:00,117,대전,1,30.0,52.0,,,,
ECMWF,2026-08-19 12:00,2026-08-24 21:00,120,대전,1,26.4,55.0,,,,
ECMWF,2026-08-19 12:00,2026-08-25 00:00,123,대전,1,25.1,90.0,,,,
ECMWF,2026-08-19 12:00,2026-08-25 03:00,126,대전,1,24.5,100.0,,,,
ECMWF,2026-08-19 12:00,2026-08-25 06:00,129,대전,1,24.0,87.0,,,,
ECMWF,2026-08-19 12:00,2026-08-25 09:00,132,대전,1,27.1,91.0,,,,
ECMWF,2026-08-19 12:00,2026-08-25 12:00,135,대전,1,29.4,49.0,,,,
ECMWF,2026-08-19 12:00,2026-08-25 15:00,138,대전,1,29.9,39.0,,,,
ECMWF,2026-08-19 12:00,2026-08-25 18:00,141,대전,1,27.6,60.0,,,,
ECMWF,2026-08-19 12:00,2026-08-25 21:00,144,대전,1,24.8,41.0,,,,
ECMWF,2026-08-19 12:00,2026-08-26 03:00,150,대전,1,23.2,92.0,,,,
ECMWF,2026-08-19 12:00,2026-08-26 09:00,156,대전,1,26.1,54.0,,,,
ECMWF,2026-08-19 12:00,2026-08-26 15:00,162,대전,1,30.0,67.0,,,,
ECMWF,2026-08-19 12:00,2026-08-26 21:00,168,대전,1,25.5,22.0,,,,
ECMWF,2026-08-19 12:00,2026-08-27 03:00,174,대전,1,23.4,99.0,,,,
ECMWF,2026-08-19 12:00,2026-08-27 09:00,180,대전,1,27.3,62.0,,,,
ECMWF,2026-08-19 12:00,2026-08-27 15:00,186,대전,1,32.2,35.0,,,,
ECMWF,2026-08-19 12:00,2026-08-27 21:00,192,대전,1,27.4,100.0,,,,
ECMWF,2026-08-19 12:00,2026-08-28 03:00,198,대전,1,24.7,37.0,,,,
ECMWF,2026-08-19 12:00,2026-08-28 09:00,204,대전,1,29.2,89.0,,,,
ECMWF,2026-08-19 12:00,2026-08-28 15:00,210,대전,1,28.1,97.0,,,,
ECMWF,2026-08-19 12:00,2026-08-28 21:00,216,대전,1,24.7,97.0,,,,
ECMWF,2026-08-19 12:00,2026-08-29 03:00,222,대전,1,24.4,20.0,,,,
ECMWF,2026-08-19 12:00,2026-08-29 09:00,228,대전,1,25.5,100.0,,,,
ECMWF,2026-08-19 12:00,2026-08-29 15:00,234,대전,1,28.9,95.0,,,,
ECMWF,2026-08-19 12:00,2026-08-29 21:00,240,대전,1,23.8,11.0,,,,
ECMWF,2026-08-19 12:00,2026-08-19 21:00,0,대구,1,24.5,100.0,,,,
ECMWF,2026-08-19 12:00,2026-08-20 00:00,3,대구,1,23.7,98.0,,,,
ECMWF,2026-08-19 12:00,2026-08-20 03:00,6,대구,1,23.1,95.0,,,,
ECMWF,2026-08-19 12:00,2026-08-20 06:00,9,대구,1,22.6,100.0,,,,
ECMWF,2026-08-19 12:00,2026-08-20 09:00,12,대구,1,24.6,96.0,,,,
ECMWF,2026-08-19 12:00,2026-08-20 12:00,15,대구,1,28.9,99.0,,,,
ECMWF,2026-08-19 12:00,2026-08-20 15:00,18,대구,1,25.1,100.0,,,,
ECMWF,2026-08-19 12:00,2026-08-20 18:00,21,대구,1,25.8,66.0,,,,
ECMWF,2026-08-19 12:00,2026-08-20 21:00,24,대구,1,23.9,55.0,,,,
ECMWF,2026-08-19 12:00,2026-08-21 00:00,27,대구,1,23.0,100.0,,,,
ECMWF,2026-08-19 12:00,2026-08-21 03:00,30,대구,1,23.1,100.0,,,,
ECMWF,2026-08-19 12:00,2026-08-21 06:00,33,대구,1,23.0,100.0,,,,
ECMWF,2026-08-19 12:00,2026-08-21 09:00,36,대구,1,25.5,99.0,,,,
ECMWF,2026-08-19 12:00,2026-08-21 12:00,39,대구,1,29.0,99.0,,,,
ECMWF,2026-08-19 12:00,2026-08-21 15:00,42,대구,1,25.2,98.0,,,,
ECMWF,2026-08-19 12:00,2026-08-21 18:00,45,대구,1,25.5,95.0,,,,
ECMWF,2026-08-19 12:00,2026-08-21 21:00,48,대구,1,23.7,99.0,,,,
ECMWF,2026-08-19 12:00,2026-08-22 00:00,51,대구,1,23.4,100.0,,,,
ECMWF,2026-08-19 12:00,2026-08-22 03:00,54,대구,1,23.3,100.0,,,,
ECMWF,2026-08-19 12:00,2026-08-22 06:00,57,대구,1,23.0,100.0,,,,
ECMWF,2026-08-19 12:00,2026-08-22 09:00,60,대구,1,25.8,98.0,,,,
ECMWF,2026-08-19 12:00,2026-08-22 12:00,63,대구,1,29.3,82.0,,,,
ECMWF,2026-08-19 12:00,2026-08-22 15:00,66,대구,1,30.3,33.0,,,,
ECMWF,2026-08-19 12:00,2026-08-22 18:00,69,대구,1,25.6,55.0,,,,
ECMWF,2026-08-19 12:00,2026-08-22 21:00,72,대구,1,23.9,42.0,,,,
ECMWF,2026-08-19 12:00,2026-08-23 00:00,75,대구,1,23.2,93.0,,,,
ECMWF,2026-08-19 12:00,2026-08-23 03:00,78,대구,1,23.3,100.0,,,,
ECMWF,2026-08-19 12:00,2026-08-23 06:00,81,대구,1,23.1,100.0,,,,
ECMWF,2026-08-19 12:00,2026-08-23 09:00,84,대구,1,25.9,99.0,,,,
ECMWF,2026-08-19 12:00,2026-08-23 12:00,87,대구,1,29.5,88.0,,,,
ECMWF,2026-08-19 12:00,2026-08-23 15:00,90,대구,1,30.9,66.0,,,,
ECMWF,2026-08-19 12:00,2026-08-23 18:00,93,대구,1,29.4,50.0,,,,
ECMWF,2026-08-19 12:00,2026-08-23 21:00,96,대구,1,26.0,98.0,,,,
ECMWF,2026-08-19 12:00,2026-08-24 00:00,99,대구,1,24.3,70.0,,,,
ECMWF,2026-08-19 12:00,2026-08-24 03:00,102,대구,1,23.1,18.0,,,,
ECMWF,2026-08-19 12:00,2026-08-24 06:00,105,대구,1,21.8,90.0,,,,
ECMWF,2026-08-19 12:00,2026-08-24 09:00,108,대구,1,26.2,68.0,,,,
ECMWF,2026-08-19 12:00,2026-08-24 12:00,111,대구,1,30.1,73.0,,,,
ECMWF,2026-08-19 12:00,2026-08-24 15:00,114,대구,1,31.8,17.0,,,,
ECMWF,2026-08-19 12:00,2026-08-24 18:00,117,대구,1,29.6,20.0,,,,
ECMWF,2026-08-19 12:00,2026-08-24 21:00,120,대구,1,26.0,85.0,,,,
ECMWF,2026-08-19 12:00,2026-08-25 00:00,123,대구,1,24.3,4.0,,,,
ECMWF,2026-08-19 12:00,2026-08-25 03:00,126,대구,1,23.3,95.0,,,,
ECMWF,2026-08-19 12:00,2026-08-25 06:00,129,대구,1,22.6,100.0,,,,
ECMWF,2026-08-19 12:00,2026-08-25 09:00,132,대구,1,25.2,37.0,,,,
ECMWF,2026-08-19 12:00,2026-08-25 12:00,135,대구,1,30.5,99.0,,,,
ECMWF,2026-08-19 12:00,2026-08-25 15:00,138,대구,1,30.8,52.0,,,,
ECMWF,2026-08-19 12:00,2026-08-25 18:00,141,대구,1,29.6,51.0,,,,
ECMWF,2026-08-19 12:00,2026-08-25 21:00,144,대구,1,25.7,81.0,,,,
ECMWF,2026-08-19 12:00,2026-08-26 03:00,150,대구,1,22.6,2.0,,,,
ECMWF,2026-08-19 12:00,2026-08-26 09:00,156,대구,1,27.2,62.0,,,,
ECMWF,2026-08-19 12:00,2026-08-26 15:00,162,대구,1,31.6,55.0,,,,
ECMWF,2026-08-19 12:00,2026-08-26 21:00,168,대구,1,25.0,22.0,,,,
ECMWF,2026-08-19 12:00,2026-08-27 03:00,174,대구,1,23.7,32.0,,,,
ECMWF,2026-08-19 12:00,2026-08-27 09:00,180,대구,1,25.4,100.0,,,,
ECMWF,2026-08-19 12:00,2026-08-27 15:00,186,대구,1,31.4,91.0,,,,
ECMWF,2026-08-19 12:00,2026-08-27 21:00,192,대구,1,25.1,91.0,,,,
ECMWF,2026-08-19 12:00,2026-08-28 03:00,198,대구,1,24.1,100.0,,,,
ECMWF,2026-08-19 12:00,2026-08-28 09:00,204,대구,1,27.0,84.0,,,,
ECMWF,2026-08-19 12:00,2026-08-28 15:00,210,대구,1,29.3,96.0,,,,
ECMWF,2026-08-19 12:00,2026-08-28 21:00,216,대구,1,25.1,99.0,,,,
ECMWF,2026-08-19 12:00,2026-08-29 03:00,222,대구,1,24.3,95.0,,,,
ECMWF,2026-08-19 12:00,2026-08-29 09:00,228,대구,1,26.4,66.0,,,,
ECMWF,2026-08-19 12:00,2026-08-29 15:00,234,대구,1,26.6,80.0,,,,
ECMWF,2026-08-19 12:00,2026-08-29 21:00,240,대구,1,24.9,14.0,,,,
ECMWF,2026-08-19 12:00,2026-08-19 21:00,0,광주,1,25.4,96.0,,,,
ECMWF,2026-08-19 12:00,2026-08-20 00:00,3,광주,1,24.2,98.0,,,,
ECMWF,2026-08-19 12:00,2026-08-20 03:00,6,광주,1,23.4,95.0,,,,
ECMWF,2026-08-19 12:00,2026-08-20 06:00,9,광주,1,23.2,100.0,,,,
ECMWF,2026-08-19 12:00,2026-08-20 09:00,12,광주,1,26.4,100.0,,,,
ECMWF,2026-08-19 12:00,2026-08-20 12:00,15,광주,1,30.0,100.0,,,,
ECMWF,2026-08-19 12:00,2026-08-20 15:00,18,광주,1,31.7,55.0,,,,
ECMWF,2026-08-19 12:00,2026-08-20 18:00,21,광주,1,28.6,36.0,,,,
ECMWF,2026-08-19 12:00,2026-08-20 21:00,24,광주,1,26.1,99.0,,,,
ECMWF,2026-08-19 12:00,2026-08-21 00:00,27,광주,1,24.6,95.0,,,,
ECMWF,2026-08-19 12:00,2026-08-21 03:00,30,광주,1,23.7,29.0,,,,
ECMWF,2026-08-19 12:00,2026-08-21 06:00,33,광주,1,23.5,98.0,,,,
ECMWF,2026-08-19 12:00,2026-08-21 09:00,36,광주,1,27.3,97.0,,,,
ECMWF,2026-08-19 12:00,2026-08-21 12:00,39,광주,1,30.1,100.0,,,,
ECMWF,2026-08-19 12:00,2026-08-21 15:00,42,광주,1,31.5,100.0,,,,
ECMWF,2026-08-19 12:00,2026-08-21 18:00,45,광주,1,28.5,95.0,,,,
ECMWF,2026-08-19 12:00,2026-08-21 21:00,48,광주,1,25.6,16.0,,,,
ECMWF,2026-08-19 12:00,2026-08-22 00:00,51,광주,1,24.5,19.0,,,,
ECMWF,2026-08-19 12:00,2026-08-22 03:00,54,광주,1,24.1,5.0,,,,
ECMWF,2026-08-19 12:00,2026-08-22 06:00,57,광주,1,23.5,59.0,,,,
ECMWF,2026-08-19 12:00,2026-08-22 09:00,60,광주,1,27.7,59.0,,,,
ECMWF,2026-08-19 12:00,2026-08-22 12:00,63,광주,1,31.8,15.0,,,,
ECMWF,2026-08-19 12:00,2026-08-22 15:00,66,광주,1,29.0,63.0,,,,
ECMWF,2026-08-19 12:00,2026-08-22 18:00,69,광주,1,28.2,60.0,,,,
ECMWF,2026-08-19 12:00,2026-08-22 21:00,72,광주,1,25.5,0.0,,,,
ECMWF,2026-08-19 12:00,2026-08-23 00:00,75,광주,1,24.4,3.0,,,,
ECMWF,2026-08-19 12:00,2026-08-23 03:00,78,광주,1,24.2,99.0,,,,
ECMWF,2026-08-19 12:00,2026-08-23 06:00,81,광주,1,23.6,98.0,,,,
ECMWF,2026-08-19 12:00,2026-08-23 09:00,84,광주,1,27.6,98.0,,,,
ECMWF,2026-08-19 12:00,2026-08-23 12:00,87,광주,1,31.1,98.0,,,,
ECMWF,2026-08-19 12:00,2026-08-23 15:00,90,광주,1,31.5,99.0,,,,
ECMWF,2026-08-19 12:00,2026-08-23 18:00,93,광주,1,29.0,62.0,,,,
ECMWF,2026-08-19 12:00,2026-08-23 21:00,96,광주,1,24.9,92.0,,,,
ECMWF,2026-08-19 12:00,2026-08-24 00:00,99,광주,1,24.0,98.0,,,,
ECMWF,2026-08-19 12:00,2026-08-24 03:00,102,광주,1,23.6,100.0,,,,
ECMWF,2026-08-19 12:00,2026-08-24 06:00,105,광주,1,23.5,80.0,,,,
ECMWF,2026-08-19 12:00,2026-08-24 09:00,108,광주,1,27.8,91.0,,,,
ECMWF,2026-08-19 12:00,2026-08-24 12:00,111,광주,1,31.4,15.0,,,,
ECMWF,2026-08-19 12:00,2026-08-24 15:00,114,광주,1,31.8,23.0,,,,
ECMWF,2026-08-19 12:00,2026-08-24 18:00,117,광주,1,29.7,15.0,,,,
ECMWF,2026-08-19 12:00,2026-08-24 21:00,120,광주,1,25.8,32.0,,,,
ECMWF,2026-08-19 12:00,2026-08-25 00:00,123,광주,1,23.7,10.0,,,,
ECMWF,2026-08-19 12:00,2026-08-25 03:00,126,광주,1,22.8,100.0,,,,
ECMWF,2026-08-19 12:00,2026-08-25 06:00,129,광주,1,23.1,100.0,,,,
ECMWF,2026-08-19 12:00,2026-08-25 09:00,132,광주,1,27.7,70.0,,,,
ECMWF,2026-08-19 12:00,2026-08-25 12:00,135,광주,1,30.8,78.0,,,,
ECMWF,2026-08-19 12:00,2026-08-25 15:00,138,광주,1,31.6,30.0,,,,
ECMWF,2026-08-19 12:00,2026-08-25 18:00,141,광주,1,28.8,15.0,,,,
ECMWF,2026-08-19 12:00,2026-08-25 21:00,144,광주,1,25.1,12.0,,,,
ECMWF,2026-08-19 12:00,2026-08-26 03:00,150,광주,1,22.0,94.0,,,,
ECMWF,2026-08-19 12:00,2026-08-26 09:00,156,광주,1,26.5,30.0,,,,
ECMWF,2026-08-19 12:00,2026-08-26 15:00,162,광주,1,32.7,40.0,,,,
ECMWF,2026-08-19 12:00,2026-08-26 21:00,168,광주,1,25.5,0.0,,,,
ECMWF,2026-08-19 12:00,2026-08-27 03:00,174,광주,1,23.5,64.0,,,,
ECMWF,2026-08-19 12:00,2026-08-27 09:00,180,광주,1,27.8,4.0,,,,
ECMWF,2026-08-19 12:00,2026-08-27 15:00,186,광주,1,32.6,19.0,,,,
ECMWF,2026-08-19 12:00,2026-08-27 21:00,192,광주,1,26.7,70.0,,,,
ECMWF,2026-08-19 12:00,2026-08-28 03:00,198,광주,1,25.5,25.0,,,,
ECMWF,2026-08-19 12:00,2026-08-28 09:00,204,광주,1,28.1,99.0,,,,
ECMWF,2026-08-19 12:00,2026-08-28 15:00,210,광주,1,29.3,97.0,,,,
ECMWF,2026-08-19 12:00,2026-08-28 21:00,216,광주,1,26.0,98.0,,,,
ECMWF,2026-08-19 12:00,2026-08-29 03:00,222,광주,1,25.6,100.0,,,,
ECMWF,2026-08-19 12:00,2026-08-29 09:00,228,광주,1,27.7,50.0,,,,
ECMWF,2026-08-19 12:00,2026-08-29 15:00,234,광주,1,30.0,42.0,,,,
ECMWF,2026-08-19 12:00,2026-08-29 21:00,240,광주,1,25.0,20.0,,,,
ECMWF,2026-08-19 12:00,2026-08-19 21:00,0,부산,1,27.2,64.0,,,,
ECMWF,2026-08-19 12:00,2026-08-20 00:00,3,부산,1,26.7,53.0,,,,
ECMWF,2026-08-19 12:00,2026-08-20 03:00,6,부산,1,26.1,93.0,,,,
ECMWF,2026-08-19 12:00,2026-08-20 06:00,9,부산,1,25.5,91.0,,,,
ECMWF,2026-08-19 12:00,2026-08-20 09:00,12,부산,1,26.2,91.0,,,,
ECMWF,2026-08-19 12:00,2026-08-20 12:00,15,부산,1,25.7,98.0,,,,
ECMWF,2026-08-19 12:00,2026-08-20 15:00,18,부산,1,26.7,41.0,,,,
ECMWF,2026-08-19 12:00,2026-08-20 18:00,21,부산,1,26.9,93.0,,,,
ECMWF,2026-08-19 12:00,2026-08-20 21:00,24,부산,1,27.1,30.0,,,,
ECMWF,2026-08-19 12:00,2026-08-21 00:00,27,부산,1,26.9,91.0,,,,
ECMWF,2026-08-19 12:00,2026-08-21 03:00,30,부산,1,26.3,47.0,,,,
ECMWF,2026-08-19 12:00,2026-08-21 06:00,33,부산,1,26.0,73.0,,,,
ECMWF,2026-08-19 12:00,2026-08-21 09:00,36,부산,1,26.8,48.0,,,,
ECMWF,2026-08-19 12:00,2026-08-21 12:00,39,부산,1,27.0,95.0,,,,
ECMWF,2026-08-19 12:00,2026-08-21 15:00,42,부산,1,27.3,56.0,,,,
ECMWF,2026-08-19 12:00,2026-08-21 18:00,45,부산,1,27.2,10.0,,,,
ECMWF,2026-08-19 12:00,2026-08-21 21:00,48,부산,1,27.2,95.0,,,,
ECMWF,2026-08-19 12:00,2026-08-22 00:00,51,부산,1,27.1,35.0,,,,
ECMWF,2026-08-19 12:00,2026-08-22 03:00,54,부산,1,26.7,28.0,,,,
ECMWF,2026-08-19 12:00,2026-08-22 06:00,57,부산,1,26.6,94.0,,,,
ECMWF,2026-08-19 12:00,2026-08-22 09:00,60,부산,1,27.4,99.0,,,,
ECMWF,2026-08-19 12:00,2026-08-22 12:00,63,부산,1,27.8,96.0,,,,
ECMWF,2026-08-19 12:00,2026-08-22 15:00,66,부산,1,28.0,88.0,,,,
ECMWF,2026-08-19 12:00,2026-08-22 18:00,69,부산,1,27.7,40.0,,,,
ECMWF,2026-08-19 12:00,2026-08-22 21:00,72,부산,1,27.4,15.0,,,,
ECMWF,2026-08-19 12:00,2026-08-23 00:00,75,부산,1,27.2,16.0,,,,
ECMWF,2026-08-19 12:00,2026-08-23 03:00,78,부산,1,26.8,16.0,,,,
ECMWF,2026-08-19 12:00,2026-08-23 06:00,81,부산,1,26.6,100.0,,,,
ECMWF,2026-08-19 12:00,2026-08-23 09:00,84,부산,1,27.5,100.0,,,,
ECMWF,2026-08-19 12:00,2026-08-23 12:00,87,부산,1,28.0,99.0,,,,
ECMWF,2026-08-19 12:00,2026-08-23 15:00,90,부산,1,27.9,100.0,,,,
ECMWF,2026-08-19 12:00,2026-08-23 18:00,93,부산,1,27.7,41.0,,,,
ECMWF,2026-08-19 12:00,2026-08-23 21:00,96,부산,1,27.9,14.0,,,,
ECMWF,2026-08-19 12:00,2026-08-24 00:00,99,부산,1,27.8,12.0,,,,
ECMWF,2026-08-19 12:00,2026-08-24 03:00,102,부산,1,26.6,34.0,,,,
ECMWF,2026-08-19 12:00,2026-08-24 06:00,105,부산,1,25.6,73.0,,,,
ECMWF,2026-08-19 12:00,2026-08-24 09:00,108,부산,1,26.6,96.0,,,,
ECMWF,2026-08-19 12:00,2026-08-24 12:00,111,부산,1,26.8,79.0,,,,
ECMWF,2026-08-19 12:00,2026-08-24 15:00,114,부산,1,27.4,2.0,,,,
ECMWF,2026-08-19 12:00,2026-08-24 18:00,117,부산,1,28.8,1.0,,,,
ECMWF,2026-08-19 12:00,2026-08-24 21:00,120,부산,1,28.0,16.0,,,,
ECMWF,2026-08-19 12:00,2026-08-25 00:00,123,부산,1,27.3,75.0,,,,
ECMWF,2026-08-19 12:00,2026-08-25 03:00,126,부산,1,26.8,5.0,,,,
ECMWF,2026-08-19 12:00,2026-08-25 06:00,129,부산,1,26.6,90.0,,,,
ECMWF,2026-08-19 12:00,2026-08-25 09:00,132,부산,1,27.1,100.0,,,,
ECMWF,2026-08-19 12:00,2026-08-25 12:00,135,부산,1,27.7,16.0,,,,
ECMWF,2026-08-19 12:00,2026-08-25 15:00,138,부산,1,28.6,1.0,,,,
ECMWF,2026-08-19 12:00,2026-08-25 18:00,141,부산,1,28.9,18.0,,,,
ECMWF,2026-08-19 12:00,2026-08-25 21:00,144,부산,1,27.8,1.0,,,,
ECMWF,2026-08-19 12:00,2026-08-26 03:00,150,부산,1,26.8,9.0,,,,
ECMWF,2026-08-19 12:00,2026-08-26 09:00,156,부산,1,26.3,32.0,,,,
ECMWF,2026-08-19 12:00,2026-08-26 15:00,162,부산,1,27.0,2.0,,,,
ECMWF,2026-08-19 12:00,2026-08-26 21:00,168,부산,1,28.3,0.0,,,,
ECMWF,2026-08-19 12:00,2026-08-27 03:00,174,부산,1,26.9,30.0,,,,
ECMWF,2026-08-19 12:00,2026-08-27 09:00,180,부산,1,27.5,5.0,,,,
ECMWF,2026-08-19 12:00,2026-08-27 15:00,186,부산,1,28.2,59.0,,,,
ECMWF,2026-08-19 12:00,2026-08-27 21:00,192,부산,1,28.0,99.0,,,,
ECMWF,2026-08-19 12:00,2026-08-28 03:00,198,부산,1,27.7,80.0,,,,
ECMWF,2026-08-19 12:00,2026-08-28 09:00,204,부산,1,27.1,34.0,,,,
ECMWF,2026-08-19 12:00,2026-08-28 15:00,210,부산,1,28.5,96.0,,,,
ECMWF,2026-08-19 12:00,2026-08-28 21:00,216,부산,1,28.1,91.0,,,,
ECMWF,2026-08-19 12:00,2026-08-29 03:00,222,부산,1,28.0,61.0,,,,
ECMWF,2026-08-19 12:00,2026-08-29 09:00,228,부산,1,27.6,27.0,,,,
ECMWF,2026-08-19 12:00,2026-08-29 15:00,234,부산,1,28.2,22.0,,,,
ECMWF,2026-08-19 12:00,2026-08-29 21:00,240,부산,1,28.1,8.0,,,,
ECMWF,2026-08-19 12:00,2026-08-19 21:00,0,인천,0,27.1,49.0,,,,
ECMWF,2026-08-19 12:00,2026-08-20 00:00,3,인천,0,25.6,98.0,,,,
ECMWF,2026-08-19 12:00,2026-08-20 03:00,6,인천,0,25.4,100.0,,,,
ECMWF,2026-08-19 12:00,2026-08-20 06:00,9,인천,0,25.1,100.0,,,,
ECMWF,2026-08-19 12:00,2026-08-20 09:00,12,인천,0,26.9,99.0,,,,
ECMWF,2026-08-19 12:00,2026-08-20 12:00,15,인천,0,29.3,100.0,,,,
ECMWF,2026-08-19 12:00,2026-08-20 15:00,18,인천,0,30.1,100.0,,,,
ECMWF,2026-08-19 12:00,2026-08-20 18:00,21,인천,0,28.7,96.0,,,,
ECMWF,2026-08-19 12:00,2026-08-20 21:00,24,인천,0,27.0,99.0,,,,
ECMWF,2026-08-19 12:00,2026-08-21 00:00,27,인천,0,25.9,78.0,,,,
ECMWF,2026-08-19 12:00,2026-08-21 03:00,30,인천,0,25.7,98.0,,,,
ECMWF,2026-08-19 12:00,2026-08-21 06:00,33,인천,0,25.7,100.0,,,,
ECMWF,2026-08-19 12:00,2026-08-21 09:00,36,인천,0,26.5,100.0,,,,
ECMWF,2026-08-19 12:00,2026-08-21 12:00,39,인천,0,25.5,100.0,,,,
ECMWF,2026-08-19 12:00,2026-08-21 15:00,42,인천,0,26.4,100.0,,,,
ECMWF,2026-08-19 12:00,2026-08-21 18:00,45,인천,0,27.0,100.0,,,,
ECMWF,2026-08-19 12:00,2026-08-21 21:00,48,인천,0,26.0,98.0,,,,
ECMWF,2026-08-19 12:00,2026-08-22 00:00,51,인천,0,25.5,100.0,,,,
ECMWF,2026-08-19 12:00,2026-08-22 03:00,54,인천,0,25.2,99.0,,,,
ECMWF,2026-08-19 12:00,2026-08-22 06:00,57,인천,0,24.1,100.0,,,,
ECMWF,2026-08-19 12:00,2026-08-22 09:00,60,인천,0,25.3,100.0,,,,
ECMWF,2026-08-19 12:00,2026-08-22 12:00,63,인천,0,28.0,100.0,,,,
ECMWF,2026-08-19 12:00,2026-08-22 15:00,66,인천,0,30.6,71.0,,,,
ECMWF,2026-08-19 12:00,2026-08-22 18:00,69,인천,0,30.6,93.0,,,,
ECMWF,2026-08-19 12:00,2026-08-22 21:00,72,인천,0,28.0,99.0,,,,
ECMWF,2026-08-19 12:00,2026-08-23 00:00,75,인천,0,27.4,68.0,,,,
ECMWF,2026-08-19 12:00,2026-08-23 03:00,78,인천,0,26.6,100.0,,,,
ECMWF,2026-08-19 12:00,2026-08-23 06:00,81,인천,0,26.0,97.0,,,,
ECMWF,2026-08-19 12:00,2026-08-23 09:00,84,인천,0,29.0,42.0,,,,
ECMWF,2026-08-19 12:00,2026-08-23 12:00,87,인천,0,32.3,42.0,,,,
ECMWF,2026-08-19 12:00,2026-08-23 15:00,90,인천,0,33.3,91.0,,,,
ECMWF,2026-08-19 12:00,2026-08-23 18:00,93,인천,0,30.7,100.0,,,,
ECMWF,2026-08-19 12:00,2026-08-23 21:00,96,인천,0,28.1,98.0,,,,
ECMWF,2026-08-19 12:00,2026-08-24 00:00,99,인천,0,27.0,99.0,,,,
ECMWF,2026-08-19 12:00,2026-08-24 03:00,102,인천,0,26.2,91.0,,,,
ECMWF,2026-08-19 12:00,2026-08-24 06:00,105,인천,0,25.7,30.0,,,,
ECMWF,2026-08-19 12:00,2026-08-24 09:00,108,인천,0,29.0,96.0,,,,
ECMWF,2026-08-19 12:00,2026-08-24 12:00,111,인천,0,31.6,93.0,,,,
ECMWF,2026-08-19 12:00,2026-08-24 15:00,114,인천,0,32.1,98.0,,,,
ECMWF,2026-08-19 12:00,2026-08-24 18:00,117,인천,0,29.2,100.0,,,,
ECMWF,2026-08-19 12:00,2026-08-24 21:00,120,인천,0,27.5,100.0,,,,
ECMWF,2026-08-19 12:00,2026-08-25 00:00,123,인천,0,27.1,96.0,,,,
ECMWF,2026-08-19 12:00,2026-08-25 03:00,126,인천,0,26.6,100.0,,,,
ECMWF,2026-08-19 12:00,2026-08-25 06:00,129,인천,0,26.5,91.0,,,,
ECMWF,2026-08-19 12:00,2026-08-25 09:00,132,인천,0,28.3,81.0,,,,
ECMWF,2026-08-19 12:00,2026-08-25 12:00,135,인천,0,29.1,99.0,,,,
ECMWF,2026-08-19 12:00,2026-08-25 15:00,138,인천,0,27.0,99.0,,,,
ECMWF,2026-08-19 12:00,2026-08-25 18:00,141,인천,0,26.6,93.0,,,,
ECMWF,2026-08-19 12:00,2026-08-25 21:00,144,인천,0,26.1,63.0,,,,
ECMWF,2026-08-19 12:00,2026-08-26 03:00,150,인천,0,24.9,100.0,,,,
ECMWF,2026-08-19 12:00,2026-08-26 09:00,156,인천,0,27.2,99.0,,,,
ECMWF,2026-08-19 12:00,2026-08-26 15:00,162,인천,0,29.7,30.0,,,,
ECMWF,2026-08-19 12:00,2026-08-26 21:00,168,인천,0,26.1,33.0,,,,
ECMWF,2026-08-19 12:00,2026-08-27 03:00,174,인천,0,24.4,28.0,,,,
ECMWF,2026-08-19 12:00,2026-08-27 09:00,180,인천,0,26.4,58.0,,,,
ECMWF,2026-08-19 12:00,2026-08-27 15:00,186,인천,0,31.9,76.0,,,,
ECMWF,2026-08-19 12:00,2026-08-27 21:00,192,인천,0,26.8,100.0,,,,
ECMWF,2026-08-19 12:00,2026-08-28 03:00,198,인천,0,26.5,82.0,,,,
ECMWF,2026-08-19 12:00,2026-08-28 09:00,204,인천,0,26.5,99.0,,,,
ECMWF,2026-08-19 12:00,2026-08-28 15:00,210,인천,0,29.1,93.0,,,,
ECMWF,2026-08-19 12:00,2026-08-28 21:00,216,인천,0,25.7,96.0,,,,
ECMWF,2026-08-19 12:00,2026-08-29 03:00,222,인천,0,25.6,100.0,,,,
ECMWF,2026-08-19 12:00,2026-08-29 09:00,228,인천,0,27.2,77.0,,,,
ECMWF,2026-08-19 12:00,2026-08-29 15:00,234,인천,0,29.3,34.0,,,,
ECMWF,2026-08-19 12:00,2026-08-29 21:00,240,인천,0,24.8,95.0,,,,
ECMWF,2026-08-19 12:00,2026-08-19 21:00,0,수원,0,26.1,88.0,,,,
ECMWF,2026-08-19 12:00,2026-08-20 00:00,3,수원,0,25.1,86.0,,,,
ECMWF,2026-08-19 12:00,2026-08-20 03:00,6,수원,0,23.4,100.0,,,,
ECMWF,2026-08-19 12:00,2026-08-20 06:00,9,수원,0,23.4,100.0,,,,
ECMWF,2026-08-19 12:00,2026-08-20 09:00,12,수원,0,24.9,100.0,,,,
ECMWF,2026-08-19 12:00,2026-08-20 12:00,15,수원,0,26.2,100.0,,,,
ECMWF,2026-08-19 12:00,2026-08-20 15:00,18,수원,0,28.2,97.0,,,,
ECMWF,2026-08-19 12:00,2026-08-20 18:00,21,수원,0,29.0,63.0,,,,
ECMWF,2026-08-19 12:00,2026-08-20 21:00,24,수원,0,26.9,91.0,,,,
ECMWF,2026-08-19 12:00,2026-08-21 00:00,27,수원,0,26.1,56.0,,,,
ECMWF,2026-08-19 12:00,2026-08-21 03:00,30,수원,0,25.2,91.0,,,,
ECMWF,2026-08-19 12:00,2026-08-21 06:00,33,수원,0,24.9,99.0,,,,
ECMWF,2026-08-19 12:00,2026-08-21 09:00,36,수원,0,26.2,100.0,,,,
ECMWF,2026-08-19 12:00,2026-08-21 12:00,39,수원,0,25.6,100.0,,,,
ECMWF,2026-08-19 12:00,2026-08-21 15:00,42,수원,0,26.1,100.0,,,,
ECMWF,2026-08-19 12:00,2026-08-21 18:00,45,수원,0,26.6,100.0,,,,
ECMWF,2026-08-19 12:00,2026-08-21 21:00,48,수원,0,25.4,99.0,,,,
ECMWF,2026-08-19 12:00,2026-08-22 00:00,51,수원,0,24.9,100.0,,,,
ECMWF,2026-08-19 12:00,2026-08-22 03:00,54,수원,0,24.5,100.0,,,,
ECMWF,2026-08-19 12:00,2026-08-22 06:00,57,수원,0,23.4,100.0,,,,
ECMWF,2026-08-19 12:00,2026-08-22 09:00,60,수원,0,24.2,100.0,,,,
ECMWF,2026-08-19 12:00,2026-08-22 12:00,63,수원,0,26.9,100.0,,,,
ECMWF,2026-08-19 12:00,2026-08-22 15:00,66,수원,0,30.2,83.0,,,,
ECMWF,2026-08-19 12:00,2026-08-22 18:00,69,수원,0,29.9,67.0,,,,
ECMWF,2026-08-19 12:00,2026-08-22 21:00,72,수원,0,26.9,50.0,,,,
ECMWF,2026-08-19 12:00,2026-08-23 00:00,75,수원,0,25.9,87.0,,,,
ECMWF,2026-08-19 12:00,2026-08-23 03:00,78,수원,0,25.4,100.0,,,,
ECMWF,2026-08-19 12:00,2026-08-23 06:00,81,수원,0,25.0,100.0,,,,
ECMWF,2026-08-19 12:00,2026-08-23 09:00,84,수원,0,28.6,45.0,,,,
ECMWF,2026-08-19 12:00,2026-08-23 12:00,87,수원,0,32.1,18.0,,,,
ECMWF,2026-08-19 12:00,2026-08-23 15:00,90,수원,0,33.5,98.0,,,,
ECMWF,2026-08-19 12:00,2026-08-23 18:00,93,수원,0,31.3,100.0,,,,
ECMWF,2026-08-19 12:00,2026-08-23 21:00,96,수원,0,28.0,96.0,,,,
ECMWF,2026-08-19 12:00,2026-08-24 00:00,99,수원,0,26.8,92.0,,,,
ECMWF,2026-08-19 12:00,2026-08-24 03:00,102,수원,0,25.8,70.0,,,,
ECMWF,2026-08-19 12:00,2026-08-24 06:00,105,수원,0,24.6,67.0,,,,
ECMWF,2026-08-19 12:00,2026-08-24 09:00,108,수원,0,28.3,97.0,,,,
ECMWF,2026-08-19 12:00,2026-08-24 12:00,111,수원,0,31.0,19.0,,,,
ECMWF,2026-08-19 12:00,2026-08-24 15:00,114,수원,0,32.3,80.0,,,,
ECMWF,2026-08-19 12:00,2026-08-24 18:00,117,수원,0,29.6,100.0,,,,
ECMWF,2026-08-19 12:00,2026-08-24 21:00,120,수원,0,27.0,100.0,,,,
ECMWF,2026-08-19 12:00,2026-08-25 00:00,123,수원,0,26.4,100.0,,,,
ECMWF,2026-08-19 12:00,2026-08-25 03:00,126,수원,0,25.6,100.0,,,,
ECMWF,2026-08-19 12:00,2026-08-25 06:00,129,수원,0,25.3,100.0,,,,
ECMWF,2026-08-19 12:00,2026-08-25 09:00,132,수원,0,27.7,94.0,,,,
ECMWF,2026-08-19 12:00,2026-08-25 12:00,135,수원,0,30.1,80.0,,,,
ECMWF,2026-08-19 12:00,2026-08-25 15:00,138,수원,0,28.6,98.0,,,,
ECMWF,2026-08-19 12:00,2026-08-25 18:00,141,수원,0,27.2,87.0,,,,
ECMWF,2026-08-19 12:00,2026-08-25 21:00,144,수원,0,25.7,52.0,,,,
ECMWF,2026-08-19 12:00,2026-08-26 03:00,150,수원,0,24.6,100.0,,,,
ECMWF,2026-08-19 12:00,2026-08-26 09:00,156,수원,0,25.0,100.0,,,,
ECMWF,2026-08-19 12:00,2026-08-26 15:00,162,수원,0,30.0,39.0,,,,
ECMWF,2026-08-19 12:00,2026-08-26 21:00,168,수원,0,25.1,19.0,,,,
ECMWF,2026-08-19 12:00,2026-08-27 03:00,174,수원,0,22.9,100.0,,,,
ECMWF,2026-08-19 12:00,2026-08-27 09:00,180,수원,0,26.3,100.0,,,,
ECMWF,2026-08-19 12:00,2026-08-27 15:00,186,수원,0,31.1,56.0,,,,
ECMWF,2026-08-19 12:00,2026-08-27 21:00,192,수원,0,26.1,100.0,,,,
ECMWF,2026-08-19 12:00,2026-08-28 03:00,198,수원,0,25.5,98.0,,,,
ECMWF,2026-08-19 12:00,2026-08-28 09:00,204,수원,0,28.7,84.0,,,,
ECMWF,2026-08-19 12:00,2026-08-28 15:00,210,수원,0,29.3,53.0,,,,
ECMWF,2026-08-19 12:00,2026-08-28 21:00,216,수원,0,25.4,83.0,,,,
ECMWF,2026-08-19 12:00,2026-08-29 03:00,222,수원,0,24.2,45.0,,,,
ECMWF,2026-08-19 12:00,2026-08-29 09:00,228,수원,0,26.0,99.0,,,,
ECMWF,2026-08-19 12:00,2026-08-29 15:00,234,수원,0,27.9,75.0,,,,
ECMWF,2026-08-19 12:00,2026-08-29 21:00,240,수원,0,24.3,98.0,,,,
ECMWF,2026-08-19 12:00,2026-08-19 21:00,0,전주,0,25.5,98.0,,,,
ECMWF,2026-08-19 12:00,2026-08-20 00:00,3,전주,0,24.5,100.0,,,,
ECMWF,2026-08-19 12:00,2026-08-20 03:00,6,전주,0,24.0,92.0,,,,
ECMWF,2026-08-19 12:00,2026-08-20 06:00,9,전주,0,23.6,96.0,,,,
ECMWF,2026-08-19 12:00,2026-08-20 09:00,12,전주,0,26.5,82.0,,,,
ECMWF,2026-08-19 12:00,2026-08-20 12:00,15,전주,0,29.3,98.0,,,,
ECMWF,2026-08-19 12:00,2026-08-20 15:00,18,전주,0,29.6,57.0,,,,
ECMWF,2026-08-19 12:00,2026-08-20 18:00,21,전주,0,28.7,44.0,,,,
ECMWF,2026-08-19 12:00,2026-08-20 21:00,24,전주,0,26.1,100.0,,,,
ECMWF,2026-08-19 12:00,2026-08-21 00:00,27,전주,0,25.3,90.0,,,,
ECMWF,2026-08-19 12:00,2026-08-21 03:00,30,전주,0,24.8,74.0,,,,
ECMWF,2026-08-19 12:00,2026-08-21 06:00,33,전주,0,24.2,100.0,,,,
ECMWF,2026-08-19 12:00,2026-08-21 09:00,36,전주,0,27.4,100.0,,,,
ECMWF,2026-08-19 12:00,2026-08-21 12:00,39,전주,0,29.3,99.0,,,,
ECMWF,2026-08-19 12:00,2026-08-21 15:00,42,전주,0,27.8,99.0,,,,
ECMWF,2026-08-19 12:00,2026-08-21 18:00,45,전주,0,28.5,100.0,,,,
ECMWF,2026-08-19 12:00,2026-08-21 21:00,48,전주,0,26.2,94.0,,,,
ECMWF,2026-08-19 12:00,2026-08-22 00:00,51,전주,0,25.3,97.0,,,,
ECMWF,2026-08-19 12:00,2026-08-22 03:00,54,전주,0,24.6,95.0,,,,
ECMWF,2026-08-19 12:00,2026-08-22 06:00,57,전주,0,24.1,92.0,,,,
ECMWF,2026-08-19 12:00,2026-08-22 09:00,60,전주,0,28.3,34.0,,,,
ECMWF,2026-08-19 12:00,2026-08-22 12:00,63,전주,0,32.6,12.0,,,,
ECMWF,2026-08-19 12:00,2026-08-22 15:00,66,전주,0,28.3,100.0,,,,
ECMWF,2026-08-19 12:00,2026-08-22 18:00,69,전주,0,28.5,12.0,,,,
ECMWF,2026-08-19 12:00,2026-08-22 21:00,72,전주,0,26.6,2.0,,,,
ECMWF,2026-08-19 12:00,2026-08-23 00:00,75,전주,0,25.4,90.0,,,,
ECMWF,2026-08-19 12:00,2026-08-23 03:00,78,전주,0,24.7,91.0,,,,
ECMWF,2026-08-19 12:00,2026-08-23 06:00,81,전주,0,24.5,98.0,,,,
ECMWF,2026-08-19 12:00,2026-08-23 09:00,84,전주,0,28.6,100.0,,,,
ECMWF,2026-08-19 12:00,2026-08-23 12:00,87,전주,0,32.7,98.0,,,,
ECMWF,2026-08-19 12:00,2026-08-23 15:00,90,전주,0,32.4,96.0,,,,
ECMWF,2026-08-19 12:00,2026-08-23 18:00,93,전주,0,30.5,72.0,,,,
ECMWF,2026-08-19 12:00,2026-08-23 21:00,96,전주,0,27.1,6.0,,,,
ECMWF,2026-08-19 12:00,2026-08-24 00:00,99,전주,0,25.1,6.0,,,,
ECMWF,2026-08-19 12:00,2026-08-24 03:00,102,전주,0,24.2,95.0,,,,
ECMWF,2026-08-19 12:00,2026-08-24 06:00,105,전주,0,24.2,100.0,,,,
ECMWF,2026-08-19 12:00,2026-08-24 09:00,108,전주,0,28.6,63.0,,,,
ECMWF,2026-08-19 12:00,2026-08-24 12:00,111,전주,0,32.1,13.0,,,,
ECMWF,2026-08-19 12:00,2026-08-24 15:00,114,전주,0,32.3,32.0,,,,
ECMWF,2026-08-19 12:00,2026-08-24 18:00,117,전주,0,30.0,72.0,,,,
ECMWF,2026-08-19 12:00,2026-08-24 21:00,120,전주,0,26.5,63.0,,,,
ECMWF,2026-08-19 12:00,2026-08-25 00:00,123,전주,0,25.4,87.0,,,,
ECMWF,2026-08-19 12:00,2026-08-25 03:00,126,전주,0,24.4,100.0,,,,
ECMWF,2026-08-19 12:00,2026-08-25 06:00,129,전주,0,24.2,86.0,,,,
ECMWF,2026-08-19 12:00,2026-08-25 09:00,132,전주,0,27.7,62.0,,,,
ECMWF,2026-08-19 12:00,2026-08-25 12:00,135,전주,0,31.1,30.0,,,,
ECMWF,2026-08-19 12:00,2026-08-25 15:00,138,전주,0,31.2,45.0,,,,
ECMWF,2026-08-19 12:00,2026-08-25 18:00,141,전주,0,28.6,41.0,,,,
ECMWF,2026-08-19 12:00,2026-08-25 21:00,144,전주,0,25.4,15.0,,,,
ECMWF,2026-08-19 12:00,2026-08-26 03:00,150,전주,0,24.3,39.0,,,,
ECMWF,2026-08-19 12:00,2026-08-26 09:00,156,전주,0,27.8,47.0,,,,
ECMWF,2026-08-19 12:00,2026-08-26 15:00,162,전주,0,29.8,47.0,,,,
ECMWF,2026-08-19 12:00,2026-08-26 21:00,168,전주,0,25.6,1.0,,,,
ECMWF,2026-08-19 12:00,2026-08-27 03:00,174,전주,0,23.9,19.0,,,,
ECMWF,2026-08-19 12:00,2026-08-27 09:00,180,전주,0,28.5,3.0,,,,
ECMWF,2026-08-19 12:00,2026-08-27 15:00,186,전주,0,34.3,55.0,,,,
ECMWF,2026-08-19 12:00,2026-08-27 21:00,192,전주,0,28.2,90.0,,,,
ECMWF,2026-08-19 12:00,2026-08-28 03:00,198,전주,0,26.4,16.0,,,,
ECMWF,2026-08-19 12:00,2026-08-28 09:00,204,전주,0,29.8,96.0,,,,
ECMWF,2026-08-19 12:00,2026-08-28 15:00,210,전주,0,29.7,84.0,,,,
ECMWF,2026-08-19 12:00,2026-08-28 21:00,216,전주,0,25.9,98.0,,,,
ECMWF,2026-08-19 12:00,2026-08-29 03:00,222,전주,0,25.4,20.0,,,,
ECMWF,2026-08-19 12:00,2026-08-29 09:00,228,전주,0,26.8,34.0,,,,
ECMWF,2026-08-19 12:00,2026-08-29 15:00,234,전주,0,28.7,94.0,,,,
ECMWF,2026-08-19 12:00,2026-08-29 21:00,240,전주,0,25.4,11.0,,,,
ECMWF,2026-08-19 12:00,2026-08-19 21:00,0,강릉,0,25.9,98.0,,,,
ECMWF,2026-08-19 12:00,2026-08-20 00:00,3,강릉,0,24.4,68.0,,,,
ECMWF,2026-08-19 12:00,2026-08-20 03:00,6,강릉,0,23.3,51.0,,,,
ECMWF,2026-08-19 12:00,2026-08-20 06:00,9,강릉,0,22.9,98.0,,,,
ECMWF,2026-08-19 12:00,2026-08-20 09:00,12,강릉,0,26.0,100.0,,,,
ECMWF,2026-08-19 12:00,2026-08-20 12:00,15,강릉,0,27.1,98.0,,,,
ECMWF,2026-08-19 12:00,2026-08-20 15:00,18,강릉,0,26.2,100.0,,,,
ECMWF,2026-08-19 12:00,2026-08-20 18:00,21,강릉,0,25.7,89.0,,,,
ECMWF,2026-08-19 12:00,2026-08-20 21:00,24,강릉,0,24.7,100.0,,,,
ECMWF,2026-08-19 12:00,2026-08-21 00:00,27,강릉,0,24.3,100.0,,,,
ECMWF,2026-08-19 12:00,2026-08-21 03:00,30,강릉,0,23.9,48.0,,,,
ECMWF,2026-08-19 12:00,2026-08-21 06:00,33,강릉,0,23.5,99.0,,,,
ECMWF,2026-08-19 12:00,2026-08-21 09:00,36,강릉,0,25.6,100.0,,,,
ECMWF,2026-08-19 12:00,2026-08-21 12:00,39,강릉,0,26.9,100.0,,,,
ECMWF,2026-08-19 12:00,2026-08-21 15:00,42,강릉,0,26.3,100.0,,,,
ECMWF,2026-08-19 12:00,2026-08-21 18:00,45,강릉,0,25.4,100.0,,,,
ECMWF,2026-08-19 12:00,2026-08-21 21:00,48,강릉,0,24.9,100.0,,,,
ECMWF,2026-08-19 12:00,2026-08-22 00:00,51,강릉,0,24.3,100.0,,,,
ECMWF,2026-08-19 12:00,2026-08-22 03:00,54,강릉,0,23.8,99.0,,,,
ECMWF,2026-08-19 12:00,2026-08-22 06:00,57,강릉,0,23.5,100.0,,,,
ECMWF,2026-08-19 12:00,2026-08-22 09:00,60,강릉,0,24.8,100.0,,,,
ECMWF,2026-08-19 12:00,2026-08-22 12:00,63,강릉,0,26.2,99.0,,,,
ECMWF,2026-08-19 12:00,2026-08-22 15:00,66,강릉,0,27.3,81.0,,,,
ECMWF,2026-08-19 12:00,2026-08-22 18:00,69,강릉,0,26.5,89.0,,,,
ECMWF,2026-08-19 12:00,2026-08-22 21:00,72,강릉,0,25.3,48.0,,,,
ECMWF,2026-08-19 12:00,2026-08-23 00:00,75,강릉,0,24.3,67.0,,,,
ECMWF,2026-08-19 12:00,2026-08-23 03:00,78,강릉,0,24.1,98.0,,,,
ECMWF,2026-08-19 12:00,2026-08-23 06:00,81,강릉,0,23.7,96.0,,,,
ECMWF,2026-08-19 12:00,2026-08-23 09:00,84,강릉,0,27.4,92.0,,,,
ECMWF,2026-08-19 12:00,2026-08-23 12:00,87,강릉,0,28.6,60.0,,,,
ECMWF,2026-08-19 12:00,2026-08-23 15:00,90,강릉,0,28.9,28.0,,,,
ECMWF,2026-08-19 12:00,2026-08-23 18:00,93,강릉,0,28.4,8.0,,,,
ECMWF,2026-08-19 12:00,2026-08-23 21:00,96,강릉,0,26.7,98.0,,,,
ECMWF,2026-08-19 12:00,2026-08-24 00:00,99,강릉,0,26.5,74.0,,,,
ECMWF,2026-08-19 12:00,2026-08-24 03:00,102,강릉,0,25.7,30.0,,,,
ECMWF,2026-08-19 12:00,2026-08-24 06:00,105,강릉,0,25.6,91.0,,,,
ECMWF,2026-08-19 12:00,2026-08-24 09:00,108,강릉,0,29.4,88.0,,,,
ECMWF,2026-08-19 12:00,2026-08-24 12:00,111,강릉,0,29.4,47.0,,,,
ECMWF,2026-08-19 12:00,2026-08-24 15:00,114,강릉,0,29.8,89.0,,,,
ECMWF,2026-08-19 12:00,2026-08-24 18:00,117,강릉,0,29.1,100.0,,,,
ECMWF,2026-08-19 12:00,2026-08-24 21:00,120,강릉,0,27.4,80.0,,,,
ECMWF,2026-08-19 12:00,2026-08-25 00:00,123,강릉,0,26.6,97.0,,,,
ECMWF,2026-08-19 12:00,2026-08-25 03:00,126,강릉,0,26.9,99.0,,,,
ECMWF,2026-08-19 12:00,2026-08-25 06:00,129,강릉,0,27.1,96.0,,,,
ECMWF,2026-08-19 12:00,2026-08-25 09:00,132,강릉,0,28.2,97.0,,,,
ECMWF,2026-08-19 12:00,2026-08-25 12:00,135,강릉,0,29.7,100.0,,,,
ECMWF,2026-08-19 12:00,2026-08-25 15:00,138,강릉,0,28.1,100.0,,,,
ECMWF,2026-08-19 12:00,2026-08-25 18:00,141,강릉,0,26.8,99.0,,,,
ECMWF,2026-08-19 12:00,2026-08-25 21:00,144,강릉,0,26.2,95.0,,,,
ECMWF,2026-08-19 12:00,2026-08-26 03:00,150,강릉,0,25.7,55.0,,,,
ECMWF,2026-08-19 12:00,2026-08-26 09:00,156,강릉,0,27.0,88.0,,,,
ECMWF,2026-08-19 12:00,2026-08-26 15:00,162,강릉,0,27.0,58.0,,,,
ECMWF,2026-08-19 12:00,2026-08-26 21:00,168,강릉,0,24.9,88.0,,,,
ECMWF,2026-08-19 12:00,2026-08-27 03:00,174,강릉,0,24.0,70.0,,,,
ECMWF,2026-08-19 12:00,2026-08-27 09:00,180,강릉,0,24.8,100.0,,,,
ECMWF,2026-08-19 12:00,2026-08-27 15:00,186,강릉,0,26.5,88.0,,,,
ECMWF,2026-08-19 12:00,2026-08-27 21:00,192,강릉,0,24.9,97.0,,,,
ECMWF,2026-08-19 12:00,2026-08-28 03:00,198,강릉,0,24.1,100.0,,,,
ECMWF,2026-08-19 12:00,2026-08-28 09:00,204,강릉,0,25.6,100.0,,,,
ECMWF,2026-08-19 12:00,2026-08-28 15:00,210,강릉,0,25.8,99.0,,,,
ECMWF,2026-08-19 12:00,2026-08-28 21:00,216,강릉,0,24.4,86.0,,,,
ECMWF,2026-08-19 12:00,2026-08-29 03:00,222,강릉,0,24.6,75.0,,,,
ECMWF,2026-08-19 12:00,2026-08-29 09:00,228,강릉,0,28.1,13.0,,,,
ECMWF,2026-08-19 12:00,2026-08-29 15:00,234,강릉,0,30.1,36.0,,,,
ECMWF,2026-08-19 12:00,2026-08-29 21:00,240,강릉,0,27.1,66.0,,,,
ECMWF,2026-08-19 12:00,2026-08-19 21:00,0,제주,0,25.0,86.0,,,,
ECMWF,2026-08-19 12:00,2026-08-20 00:00,3,제주,0,23.7,97.0,,,,
ECMWF,2026-08-19 12:00,2026-08-20 03:00,6,제주,0,23.9,31.0,,,,
ECMWF,2026-08-19 12:00,2026-08-20 06:00,9,제주,0,24.7,51.0,,,,
ECMWF,2026-08-19 12:00,2026-08-20 09:00,12,제주,0,27.3,56.0,,,,
ECMWF,2026-08-19 12:00,2026-08-20 12:00,15,제주,0,28.2,94.0,,,,
ECMWF,2026-08-19 12:00,2026-08-20 15:00,18,제주,0,28.7,55.0,,,,
ECMWF,2026-08-19 12:00,2026-08-20 18:00,21,제주,0,28.2,20.0,,,,
ECMWF,2026-08-19 12:00,2026-08-20 21:00,24,제주,0,26.2,29.0,,,,
ECMWF,2026-08-19 12:00,2026-08-21 00:00,27,제주,0,25.8,42.0,,,,
ECMWF,2026-08-19 12:00,2026-08-21 03:00,30,제주,0,24.6,90.0,,,,
ECMWF,2026-08-19 12:00,2026-08-21 06:00,33,제주,0,25.0,88.0,,,,
ECMWF,2026-08-19 12:00,2026-08-21 09:00,36,제주,0,28.0,94.0,,,,
ECMWF,2026-08-19 12:00,2026-08-21 12:00,39,제주,0,29.7,29.0,,,,
ECMWF,2026-08-19 12:00,2026-08-21 15:00,42,제주,0,30.3,13.0,,,,
ECMWF,2026-08-19 12:00,2026-08-21 18:00,45,제주,0,28.6,45.0,,,,
ECMWF,2026-08-19 12:00,2026-08-21 21:00,48,제주,0,25.9,18.0,,,,
ECMWF,2026-08-19 12:00,2026-08-22 00:00,51,제주,0,25.8,53.0,,,,
ECMWF,2026-08-19 12:00,2026-08-22 03:00,54,제주,0,25.9,71.0,,,,
ECMWF,2026-08-19 12:00,2026-08-22 06:00,57,제주,0,26.1,56.0,,,,
ECMWF,2026-08-19 12:00,2026-08-22 09:00,60,제주,0,27.5,95.0,,,,
ECMWF,2026-08-19 12:00,2026-08-22 12:00,63,제주,0,29.4,98.0,,,,
ECMWF,2026-08-19 12:00,2026-08-22 15:00,66,제주,0,29.5,100.0,,,,
ECMWF,2026-08-19 12:00,2026-08-22 18:00,69,제주,0,28.3,99.0,,,,
ECMWF,2026-08-19 12:00,2026-08-22 21:00,72,제주,0,26.8,22.0,,,,
ECMWF,2026-08-19 12:00,2026-08-23 00:00,75,제주,0,26.5,31.0,,,,
ECMWF,2026-08-19 12:00,2026-08-23 03:00,78,제주,0,26.1,82.0,,,,
ECMWF,2026-08-19 12:00,2026-08-23 06:00,81,제주,0,26.0,93.0,,,,
ECMWF,2026-08-19 12:00,2026-08-23 09:00,84,제주,0,27.9,99.0,,,,
ECMWF,2026-08-19 12:00,2026-08-23 12:00,87,제주,0,29.9,93.0,,,,
ECMWF,2026-08-19 12:00,2026-08-23 15:00,90,제주,0,29.5,27.0,,,,
ECMWF,2026-08-19 12:00,2026-08-23 18:00,93,제주,0,28.5,38.0,,,,
ECMWF,2026-08-19 12:00,2026-08-23 21:00,96,제주,0,27.1,73.0,,,,
ECMWF,2026-08-19 12:00,2026-08-24 00:00,99,제주,0,26.6,23.0,,,,
ECMWF,2026-08-19 12:00,2026-08-24 03:00,102,제주,0,26.2,38.0,,,,
ECMWF,2026-08-19 12:00,2026-08-24 06:00,105,제주,0,25.5,69.0,,,,
ECMWF,2026-08-19 12:00,2026-08-24 09:00,108,제주,0,27.6,65.0,,,,
ECMWF,2026-08-19 12:00,2026-08-24 12:00,111,제주,0,28.2,90.0,,,,
ECMWF,2026-08-19 12:00,2026-08-24 15:00,114,제주,0,27.9,46.0,,,,
ECMWF,2026-08-19 12:00,2026-08-24 18:00,117,제주,0,27.0,22.0,,,,
ECMWF,2026-08-19 12:00,2026-08-24 21:00,120,제주,0,25.3,81.0,,,,
ECMWF,2026-08-19 12:00,2026-08-25 00:00,123,제주,0,24.1,97.0,,,,
ECMWF,2026-08-19 12:00,2026-08-25 03:00,126,제주,0,23.2,78.0,,,,
ECMWF,2026-08-19 12:00,2026-08-25 06:00,129,제주,0,22.8,79.0,,,,
ECMWF,2026-08-19 12:00,2026-08-25 09:00,132,제주,0,26.1,52.0,,,,
ECMWF,2026-08-19 12:00,2026-08-25 12:00,135,제주,0,26.8,35.0,,,,
ECMWF,2026-08-19 12:00,2026-08-25 15:00,138,제주,0,26.7,41.0,,,,
ECMWF,2026-08-19 12:00,2026-08-25 18:00,141,제주,0,26.1,31.0,,,,
ECMWF,2026-08-19 12:00,2026-08-25 21:00,144,제주,0,25.7,7.0,,,,
ECMWF,2026-08-19 12:00,2026-08-26 03:00,150,제주,0,24.0,82.0,,,,
ECMWF,2026-08-19 12:00,2026-08-26 09:00,156,제주,0,26.2,62.0,,,,
ECMWF,2026-08-19 12:00,2026-08-26 15:00,162,제주,0,27.3,12.0,,,,
ECMWF,2026-08-19 12:00,2026-08-26 21:00,168,제주,0,24.8,4.0,,,,
ECMWF,2026-08-19 12:00,2026-08-27 03:00,174,제주,0,25.7,1.0,,,,
ECMWF,2026-08-19 12:00,2026-08-27 09:00,180,제주,0,28.3,2.0,,,,
ECMWF,2026-08-19 12:00,2026-08-27 15:00,186,제주,0,30.8,21.0,,,,
ECMWF,2026-08-19 12:00,2026-08-27 21:00,192,제주,0,26.9,20.0,,,,
ECMWF,2026-08-19 12:00,2026-08-28 03:00,198,제주,0,26.6,91.0,,,,
ECMWF,2026-08-19 12:00,2026-08-28 09:00,204,제주,0,27.6,34.0,,,,
ECMWF,2026-08-19 12:00,2026-08-28 15:00,210,제주,0,28.6,83.0,,,,
ECMWF,2026-08-19 12:00,2026-08-28 21:00,216,제주,0,27.0,91.0,,,,
ECMWF,2026-08-19 12:00,2026-08-29 03:00,222,제주,0,26.5,45.0,,,,
ECMWF,2026-08-19 12:00,2026-08-29 09:00,228,제주,0,26.9,45.0,,,,
ECMWF,2026-08-19 12:00,2026-08-29 15:00,234,제주,0,28.3,83.0,,,,
ECMWF,2026-08-19 12:00,2026-08-29 21:00,240,제주,0,27.1,84.0,,,,
ECMWF,2026-08-19 12:00,2026-08-19 21:00,0,나주,0,25.5,98.0,,,,
ECMWF,2026-08-19 12:00,2026-08-20 00:00,3,나주,0,24.8,80.0,,,,
ECMWF,2026-08-19 12:00,2026-08-20 03:00,6,나주,0,24.3,98.0,,,,
ECMWF,2026-08-19 12:00,2026-08-20 06:00,9,나주,0,24.3,100.0,,,,
ECMWF,2026-08-19 12:00,2026-08-20 09:00,12,나주,0,27.5,94.0,,,,
ECMWF,2026-08-19 12:00,2026-08-20 12:00,15,나주,0,30.9,99.0,,,,
ECMWF,2026-08-19 12:00,2026-08-20 15:00,18,나주,0,31.0,96.0,,,,
ECMWF,2026-08-19 12:00,2026-08-20 18:00,21,나주,0,29.4,52.0,,,,
ECMWF,2026-08-19 12:00,2026-08-20 21:00,24,나주,0,26.5,96.0,,,,
ECMWF,2026-08-19 12:00,2026-08-21 00:00,27,나주,0,25.5,91.0,,,,
ECMWF,2026-08-19 12:00,2026-08-21 03:00,30,나주,0,24.8,66.0,,,,
ECMWF,2026-08-19 12:00,2026-08-21 06:00,33,나주,0,24.7,98.0,,,,
ECMWF,2026-08-19 12:00,2026-08-21 09:00,36,나주,0,27.9,99.0,,,,
ECMWF,2026-08-19 12:00,2026-08-21 12:00,39,나주,0,30.4,99.0,,,,
ECMWF,2026-08-19 12:00,2026-08-21 15:00,42,나주,0,31.3,95.0,,,,
ECMWF,2026-08-19 12:00,2026-08-21 18:00,45,나주,0,29.7,80.0,,,,
ECMWF,2026-08-19 12:00,2026-08-21 21:00,48,나주,0,26.5,12.0,,,,
ECMWF,2026-08-19 12:00,2026-08-22 00:00,51,나주,0,26.1,62.0,,,,
ECMWF,2026-08-19 12:00,2026-08-22 03:00,54,나주,0,25.7,25.0,,,,
ECMWF,2026-08-19 12:00,2026-08-22 06:00,57,나주,0,25.5,49.0,,,,
ECMWF,2026-08-19 12:00,2026-08-22 09:00,60,나주,0,28.9,80.0,,,,
ECMWF,2026-08-19 12:00,2026-08-22 12:00,63,나주,0,31.6,38.0,,,,
ECMWF,2026-08-19 12:00,2026-08-22 15:00,66,나주,0,29.4,55.0,,,,
ECMWF,2026-08-19 12:00,2026-08-22 18:00,69,나주,0,28.8,5.0,,,,
ECMWF,2026-08-19 12:00,2026-08-22 21:00,72,나주,0,26.5,0.0,,,,
ECMWF,2026-08-19 12:00,2026-08-23 00:00,75,나주,0,25.8,51.0,,,,
ECMWF,2026-08-19 12:00,2026-08-23 03:00,78,나주,0,25.7,98.0,,,,
ECMWF,2026-08-19 12:00,2026-08-23 06:00,81,나주,0,25.4,98.0,,,,
ECMWF,2026-08-19 12:00,2026-08-23 09:00,84,나주,0,28.3,99.0,,,,
ECMWF,2026-08-19 12:00,2026-08-23 12:00,87,나주,0,30.9,99.0,,,,
ECMWF,2026-08-19 12:00,2026-08-23 15:00,90,나주,0,31.5,49.0,,,,
ECMWF,2026-08-19 12:00,2026-08-23 18:00,93,나주,0,29.3,52.0,,,,
ECMWF,2026-08-19 12:00,2026-08-23 21:00,96,나주,0,26.2,66.0,,,,
ECMWF,2026-08-19 12:00,2026-08-24 00:00,99,나주,0,25.6,19.0,,,,
ECMWF,2026-08-19 12:00,2026-08-24 03:00,102,나주,0,25.2,27.0,,,,
ECMWF,2026-08-19 12:00,2026-08-24 06:00,105,나주,0,25.0,17.0,,,,
ECMWF,2026-08-19 12:00,2026-08-24 09:00,108,나주,0,28.9,87.0,,,,
ECMWF,2026-08-19 12:00,2026-08-24 12:00,111,나주,0,31.6,28.0,,,,
ECMWF,2026-08-19 12:00,2026-08-24 15:00,114,나주,0,31.9,21.0,,,,
ECMWF,2026-08-19 12:00,2026-08-24 18:00,117,나주,0,29.8,7.0,,,,
ECMWF,2026-08-19 12:00,2026-08-24 21:00,120,나주,0,26.4,23.0,,,,
ECMWF,2026-08-19 12:00,2026-08-25 00:00,123,나주,0,24.8,2.0,,,,
ECMWF,2026-08-19 12:00,2026-08-25 03:00,126,나주,0,24.2,71.0,,,,
ECMWF,2026-08-19 12:00,2026-08-25 06:00,129,나주,0,24.7,100.0,,,,
ECMWF,2026-08-19 12:00,2026-08-25 09:00,132,나주,0,28.7,66.0,,,,
ECMWF,2026-08-19 12:00,2026-08-25 12:00,135,나주,0,31.7,60.0,,,,
ECMWF,2026-08-19 12:00,2026-08-25 15:00,138,나주,0,32.0,59.0,,,,
ECMWF,2026-08-19 12:00,2026-08-25 18:00,141,나주,0,29.7,9.0,,,,
ECMWF,2026-08-19 12:00,2026-08-25 21:00,144,나주,0,25.9,9.0,,,,
ECMWF,2026-08-19 12:00,2026-08-26 03:00,150,나주,0,23.2,12.0,,,,
ECMWF,2026-08-19 12:00,2026-08-26 09:00,156,나주,0,26.9,20.0,,,,
ECMWF,2026-08-19 12:00,2026-08-26 15:00,162,나주,0,33.0,17.0,,,,
ECMWF,2026-08-19 12:00,2026-08-26 21:00,168,나주,0,26.6,0.0,,,,
ECMWF,2026-08-19 12:00,2026-08-27 03:00,174,나주,0,24.1,47.0,,,,
ECMWF,2026-08-19 12:00,2026-08-27 09:00,180,나주,0,28.3,4.0,,,,
ECMWF,2026-08-19 12:00,2026-08-27 15:00,186,나주,0,33.0,9.0,,,,
ECMWF,2026-08-19 12:00,2026-08-27 21:00,192,나주,0,27.7,98.0,,,,
ECMWF,2026-08-19 12:00,2026-08-28 03:00,198,나주,0,27.0,9.0,,,,
ECMWF,2026-08-19 12:00,2026-08-28 09:00,204,나주,0,29.3,27.0,,,,
ECMWF,2026-08-19 12:00,2026-08-28 15:00,210,나주,0,30.2,89.0,,,,
ECMWF,2026-08-19 12:00,2026-08-28 21:00,216,나주,0,27.1,100.0,,,,
ECMWF,2026-08-19 12:00,2026-08-29 03:00,222,나주,0,26.1,20.0,,,,
ECMWF,2026-08-19 12:00,2026-08-29 09:00,228,나주,0,29.4,20.0,,,,
ECMWF,2026-08-19 12:00,2026-08-29 15:00,234,나주,0,30.1,48.0,,,,
ECMWF,2026-08-19 12:00,2026-08-29 21:00,240,나주,0,26.9,20.0,,,,
GFS,2026-08-19 12:00,2026-08-19 21:00,0,서울,1,26.0,99.0,0.0,76.0,99.0,
GFS,2026-08-19 12:00,2026-08-20 00:00,3,서울,1,25.2,99.0,0.0,97.0,99.0,0.0
GFS,2026-08-19 12:00,2026-08-20 03:00,6,서울,1,24.6,100.0,0.0,100.0,21.0,0.0
GFS,2026-08-19 12:00,2026-08-20 06:00,9,서울,1,24.2,100.0,2.0,100.0,96.0,0.0
GFS,2026-08-19 12:00,2026-08-20 09:00,12,서울,1,24.9,100.0,5.0,100.0,83.0,26.0
GFS,2026-08-19 12:00,2026-08-20 12:00,15,서울,1,25.7,100.0,50.0,100.0,100.0,129.0
GFS,2026-08-19 12:00,2026-08-20 15:00,18,서울,1,24.1,100.0,85.0,100.0,6.0,86.0
GFS,2026-08-19 12:00,2026-08-20 18:00,21,서울,1,23.6,99.0,67.0,98.0,99.0,46.0
GFS,2026-08-19 12:00,2026-08-20 21:00,24,서울,1,23.2,100.0,1.0,67.0,98.0,30.0
GFS,2026-08-19 12:00,2026-08-21 00:00,27,서울,1,23.0,100.0,4.0,100.0,0.0,0.0
GFS,2026-08-19 12:00,2026-08-21 03:00,30,서울,1,22.8,95.0,3.0,95.0,0.0,0.0
GFS,2026-08-19 12:00,2026-08-21 06:00,33,서울,1,22.6,88.0,15.0,88.0,2.0,0.0
GFS,2026-08-19 12:00,2026-08-21 09:00,36,서울,1,23.9,99.0,5.0,99.0,99.0,36.0
GFS,2026-08-19 12:00,2026-08-21 12:00,39,서울,1,26.1,80.0,0.0,80.0,19.0,316.0
GFS,2026-08-19 12:00,2026-08-21 15:00,42,서울,1,28.1,100.0,6.0,100.0,100.0,515.0
GFS,2026-08-19 12:00,2026-08-21 18:00,45,서울,1,25.0,100.0,47.0,100.0,100.0,164.0
GFS,2026-08-19 12:00,2026-08-21 21:00,48,서울,1,24.4,100.0,17.0,98.0,100.0,85.0
GFS,2026-08-19 12:00,2026-08-22 00:00,51,서울,1,23.8,98.0,0.0,98.0,70.0,0.0
GFS,2026-08-19 12:00,2026-08-22 03:00,54,서울,1,23.6,100.0,92.0,100.0,96.0,0.0
GFS,2026-08-19 12:00,2026-08-22 06:00,57,서울,1,23.2,100.0,54.0,95.0,100.0,0.0
GFS,2026-08-19 12:00,2026-08-22 09:00,60,서울,1,24.4,100.0,3.0,100.0,100.0,41.0
GFS,2026-08-19 12:00,2026-08-22 12:00,63,서울,1,28.4,100.0,32.0,97.0,100.0,522.0
GFS,2026-08-19 12:00,2026-08-22 15:00,66,서울,1,29.4,100.0,24.0,67.0,100.0,490.0
GFS,2026-08-19 12:00,2026-08-22 18:00,69,서울,1,28.4,100.0,0.0,100.0,100.0,336.0
GFS,2026-08-19 12:00,2026-08-22 21:00,72,서울,1,26.2,99.0,0.0,88.0,99.0,177.0
GFS,2026-08-19 12:00,2026-08-23 00:00,75,서울,1,25.3,100.0,0.0,31.0,100.0,0.0
GFS,2026-08-19 12:00,2026-08-23 03:00,78,서울,1,24.9,100.0,0.0,99.0,98.0,0.0
GFS,2026-08-19 12:00,2026-08-23 06:00,81,서울,1,24.3,100.0,0.0,100.0,96.0,0.0
GFS,2026-08-19 12:00,2026-08-23 09:00,84,서울,1,25.8,91.0,0.0,42.0,81.0,32.0
GFS,2026-08-19 12:00,2026-08-23 12:00,87,서울,1,31.1,7.0,0.0,7.0,6.0,571.0
GFS,2026-08-19 12:00,2026-08-23 15:00,90,서울,1,33.4,89.0,0.0,55.0,65.0,690.0
GFS,2026-08-19 12:00,2026-08-23 18:00,93,서울,1,30.0,27.0,0.0,5.0,27.0,286.0
GFS,2026-08-19 12:00,2026-08-23 21:00,96,서울,1,27.4,5.0,0.0,5.0,5.0,155.0
GFS,2026-08-19 12:00,2026-08-24 00:00,99,서울,1,26.3,5.0,0.0,5.0,5.0,0.0
GFS,2026-08-19 12:00,2026-08-24 03:00,102,서울,1,25.3,5.0,0.0,5.0,0.0,0.0
GFS,2026-08-19 12:00,2026-08-24 06:00,105,서울,1,24.7,61.0,0.0,5.0,61.0,0.0
GFS,2026-08-19 12:00,2026-08-24 09:00,108,서울,1,28.4,66.0,0.0,0.0,66.0,105.0
GFS,2026-08-19 12:00,2026-08-24 12:00,111,서울,1,32.3,27.0,21.0,2.0,22.0,682.0
GFS,2026-08-19 12:00,2026-08-24 15:00,114,서울,1,33.3,100.0,26.0,0.0,100.0,734.0
GFS,2026-08-19 12:00,2026-08-24 18:00,117,서울,1,31.5,13.0,13.0,0.0,0.0,375.0
GFS,2026-08-19 12:00,2026-08-24 21:00,120,서울,1,28.4,16.0,0.0,5.0,16.0,198.0
GFS,2026-08-19 12:00,2026-08-19 21:00,0,대전,1,23.8,100.0,0.0,4.0,100.0,
GFS,2026-08-19 12:00,2026-08-20 00:00,3,대전,1,23.4,100.0,0.0,100.0,96.0,0.0
GFS,2026-08-19 12:00,2026-08-20 03:00,6,대전,1,22.6,100.0,0.0,89.0,100.0,0.0
GFS,2026-08-19 12:00,2026-08-20 06:00,9,대전,1,22.5,99.0,0.0,98.0,99.0,0.0
GFS,2026-08-19 12:00,2026-08-20 09:00,12,대전,1,26.6,100.0,5.0,100.0,100.0,91.0
GFS,2026-08-19 12:00,2026-08-20 12:00,15,대전,1,28.1,100.0,0.0,90.0,100.0,608.0
GFS,2026-08-19 12:00,2026-08-20 15:00,18,대전,1,28.3,100.0,1.0,100.0,77.0,620.0
GFS,2026-08-19 12:00,2026-08-20 18:00,21,대전,1,27.4,80.0,0.0,80.0,0.0,348.0
GFS,2026-08-19 12:00,2026-08-20 21:00,24,대전,1,23.5,100.0,0.0,77.0,100.0,186.0
GFS,2026-08-19 12:00,2026-08-21 00:00,27,대전,1,22.6,100.0,0.0,100.0,100.0,0.0
GFS,2026-08-19 12:00,2026-08-21 03:00,30,대전,1,22.2,100.0,0.0,100.0,100.0,0.0
GFS,2026-08-19 12:00,2026-08-21 06:00,33,대전,1,22.1,100.0,12.0,100.0,100.0,0.0
GFS,2026-08-19 12:00,2026-08-21 09:00,36,대전,1,24.6,100.0,9.0,100.0,100.0,50.0
GFS,2026-08-19 12:00,2026-08-21 12:00,39,대전,1,28.1,100.0,5.0,100.0,100.0,304.0
GFS,2026-08-19 12:00,2026-08-21 15:00,42,대전,1,24.9,100.0,99.0,100.0,100.0,220.0
GFS,2026-08-19 12:00,2026-08-21 18:00,45,대전,1,24.3,100.0,5.0,100.0,100.0,54.0
GFS,2026-08-19 12:00,2026-08-21 21:00,48,대전,1,23.2,100.0,5.0,100.0,7.0,31.0
GFS,2026-08-19 12:00,2026-08-22 00:00,51,대전,1,23.1,100.0,3.0,100.0,24.0,0.0
GFS,2026-08-19 12:00,2026-08-22 03:00,54,대전,1,22.7,100.0,5.0,100.0,83.0,0.0
GFS,2026-08-19 12:00,2026-08-22 06:00,57,대전,1,22.2,100.0,5.0,100.0,100.0,0.0
GFS,2026-08-19 12:00,2026-08-22 09:00,60,대전,1,24.2,100.0,11.0,100.0,100.0,38.0
GFS,2026-08-19 12:00,2026-08-22 12:00,63,대전,1,28.6,100.0,5.0,100.0,100.0,410.0
GFS,2026-08-19 12:00,2026-08-22 15:00,66,대전,1,30.8,100.0,0.0,100.0,100.0,503.0
GFS,2026-08-19 12:00,2026-08-22 18:00,69,대전,1,27.4,58.0,0.0,56.0,32.0,351.0
GFS,2026-08-19 12:00,2026-08-22 21:00,72,대전,1,24.2,93.0,0.0,93.0,24.0,187.0
GFS,2026-08-19 12:00,2026-08-23 00:00,75,대전,1,23.4,74.0,0.0,74.0,0.0,0.0
GFS,2026-08-19 12:00,2026-08-23 03:00,78,대전,1,22.6,76.0,0.0,74.0,65.0,0.0
GFS,2026-08-19 12:00,2026-08-23 06:00,81,대전,1,22.3,97.0,0.0,5.0,97.0,0.0
GFS,2026-08-19 12:00,2026-08-23 09:00,84,대전,1,27.7,86.0,0.0,5.0,86.0,101.0
GFS,2026-08-19 12:00,2026-08-23 12:00,87,대전,1,31.6,100.0,6.0,0.0,100.0,686.0
GFS,2026-08-19 12:00,2026-08-23 15:00,90,대전,1,32.7,100.0,6.0,4.0,100.0,718.0
GFS,2026-08-19 12:00,2026-08-23 18:00,93,대전,1,28.8,99.0,0.0,0.0,99.0,388.0
GFS,2026-08-19 12:00,2026-08-23 21:00,96,대전,1,24.9,0.0,0.0,0.0,0.0,204.0
GFS,2026-08-19 12:00,2026-08-24 00:00,99,대전,1,23.6,0.0,0.0,0.0,0.0,0.0
GFS,2026-08-19 12:00,2026-08-24 03:00,102,대전,1,22.5,0.0,0.0,0.0,0.0,0.0
GFS,2026-08-19 12:00,2026-08-24 06:00,105,대전,1,21.9,0.0,0.0,0.0,0.0,0.0
GFS,2026-08-19 12:00,2026-08-24 09:00,108,대전,1,27.6,0.0,0.0,0.0,0.0,116.0
GFS,2026-08-19 12:00,2026-08-24 12:00,111,대전,1,32.2,2.0,0.0,0.0,2.0,731.0
GFS,2026-08-19 12:00,2026-08-24 15:00,114,대전,1,33.8,6.0,3.0,0.0,5.0,779.0
GFS,2026-08-19 12:00,2026-08-24 18:00,117,대전,1,29.1,5.0,0.0,0.0,5.0,431.0
GFS,2026-08-19 12:00,2026-08-24 21:00,120,대전,1,24.8,0.0,0.0,0.0,0.0,226.0
GFS,2026-08-19 12:00,2026-08-19 21:00,0,대구,1,23.8,85.0,0.0,0.0,85.0,
GFS,2026-08-19 12:00,2026-08-20 00:00,3,대구,1,22.6,100.0,13.0,2.0,100.0,0.0
GFS,2026-08-19 12:00,2026-08-20 03:00,6,대구,1,22.6,100.0,37.0,100.0,98.0,0.0
GFS,2026-08-19 12:00,2026-08-20 06:00,9,대구,1,22.2,98.0,22.0,98.0,88.0,0.0
GFS,2026-08-19 12:00,2026-08-20 09:00,12,대구,1,25.6,69.0,31.0,22.0,69.0,97.0
GFS,2026-08-19 12:00,2026-08-20 12:00,15,대구,1,26.9,100.0,16.0,100.0,100.0,552.0
GFS,2026-08-19 12:00,2026-08-20 15:00,18,대구,1,26.8,100.0,0.0,100.0,97.0,464.0
GFS,2026-08-19 12:00,2026-08-20 18:00,21,대구,1,26.9,71.0,0.0,71.0,4.0,331.0
GFS,2026-08-19 12:00,2026-08-20 21:00,24,대구,1,23.2,98.0,2.0,98.0,58.0,175.0
GFS,2026-08-19 12:00,2026-08-21 00:00,27,대구,1,22.0,100.0,1.0,100.0,73.0,0.0
GFS,2026-08-19 12:00,2026-08-21 03:00,30,대구,1,21.6,100.0,10.0,100.0,99.0,0.0
GFS,2026-08-19 12:00,2026-08-21 06:00,33,대구,1,21.9,100.0,1.0,100.0,78.0,0.0
GFS,2026-08-19 12:00,2026-08-21 09:00,36,대구,1,25.5,81.0,21.0,46.0,81.0,97.0
GFS,2026-08-19 12:00,2026-08-21 12:00,39,대구,1,28.9,100.0,18.0,100.0,100.0,594.0
GFS,2026-08-19 12:00,2026-08-21 15:00,42,대구,1,29.3,100.0,20.0,100.0,100.0,527.0
GFS,2026-08-19 12:00,2026-08-21 18:00,45,대구,1,24.5,100.0,5.0,100.0,100.0,135.0
GFS,2026-08-19 12:00,2026-08-21 21:00,48,대구,1,23.3,100.0,4.0,100.0,94.0,70.0
GFS,2026-08-19 12:00,2026-08-22 00:00,51,대구,1,22.6,100.0,0.0,100.0,3.0,0.0
GFS,2026-08-19 12:00,2026-08-22 03:00,54,대구,1,22.2,98.0,0.0,98.0,44.0,0.0
GFS,2026-08-19 12:00,2026-08-22 06:00,57,대구,1,22.1,100.0,6.0,100.0,70.0,0.0
GFS,2026-08-19 12:00,2026-08-22 09:00,60,대구,1,24.1,100.0,9.0,100.0,81.0,50.0
GFS,2026-08-19 12:00,2026-08-22 12:00,63,대구,1,29.9,100.0,16.0,100.0,91.0,635.0
GFS,2026-08-19 12:00,2026-08-22 15:00,66,대구,1,31.1,100.0,25.0,100.0,48.0,654.0
GFS,2026-08-19 12:00,2026-08-22 18:00,69,대구,1,27.7,84.0,27.0,84.0,5.0,336.0
GFS,2026-08-19 12:00,2026-08-22 21:00,72,대구,1,24.1,67.0,0.0,30.0,67.0,176.0
GFS,2026-08-19 12:00,2026-08-23 00:00,75,대구,1,22.9,28.0,0.0,28.0,5.0,0.0
GFS,2026-08-19 12:00,2026-08-23 03:00,78,대구,1,22.6,85.0,0.0,84.0,36.0,0.0
GFS,2026-08-19 12:00,2026-08-23 06:00,81,대구,1,22.3,42.0,0.0,42.0,4.0,0.0
GFS,2026-08-19 12:00,2026-08-23 09:00,84,대구,1,27.0,100.0,5.0,1.0,100.0,116.0
GFS,2026-08-19 12:00,2026-08-23 12:00,87,대구,1,31.7,99.0,3.0,0.0,99.0,658.0
GFS,2026-08-19 12:00,2026-08-23 15:00,90,대구,1,32.7,100.0,20.0,0.0,100.0,700.0
GFS,2026-08-19 12:00,2026-08-23 18:00,93,대구,1,29.7,100.0,15.0,0.0,100.0,358.0
GFS,2026-08-19 12:00,2026-08-23 21:00,96,대구,1,25.8,75.0,1.0,0.0,75.0,187.0
GFS,2026-08-19 12:00,2026-08-24 00:00,99,대구,1,24.3,42.0,0.0,0.0,42.0,0.0
GFS,2026-08-19 12:00,2026-08-24 03:00,102,대구,1,23.3,0.0,0.0,0.0,0.0,0.0
GFS,2026-08-19 12:00,2026-08-24 06:00,105,대구,1,22.8,2.0,0.0,0.0,2.0,0.0
GFS,2026-08-19 12:00,2026-08-24 09:00,108,대구,1,28.8,0.0,0.0,0.0,0.0,123.0
GFS,2026-08-19 12:00,2026-08-24 12:00,111,대구,1,32.8,0.0,0.0,0.0,0.0,744.0
GFS,2026-08-19 12:00,2026-08-24 15:00,114,대구,1,34.1,0.0,0.0,0.0,0.0,784.0
GFS,2026-08-19 12:00,2026-08-24 18:00,117,대구,1,30.3,0.0,0.0,0.0,0.0,418.0
GFS,2026-08-19 12:00,2026-08-24 21:00,120,대구,1,25.6,0.0,0.0,0.0,0.0,217.0
GFS,2026-08-19 12:00,2026-08-19 21:00,0,광주,1,24.0,100.0,1.0,0.0,100.0,
GFS,2026-08-19 12:00,2026-08-20 00:00,3,광주,1,23.2,100.0,0.0,45.0,100.0,0.0
GFS,2026-08-19 12:00,2026-08-20 03:00,6,광주,1,22.8,100.0,1.0,7.0,100.0,0.0
GFS,2026-08-19 12:00,2026-08-20 06:00,9,광주,1,22.5,100.0,0.0,27.0,100.0,0.0
GFS,2026-08-19 12:00,2026-08-20 09:00,12,광주,1,26.8,75.0,0.0,4.0,75.0,97.0
GFS,2026-08-19 12:00,2026-08-20 12:00,15,광주,1,30.9,100.0,25.0,97.0,100.0,612.0
GFS,2026-08-19 12:00,2026-08-20 15:00,18,광주,1,28.5,100.0,1.0,100.0,100.0,629.0
GFS,2026-08-19 12:00,2026-08-20 18:00,21,광주,1,26.5,85.0,0.0,77.0,81.0,256.0
GFS,2026-08-19 12:00,2026-08-20 21:00,24,광주,1,23.9,100.0,0.0,100.0,83.0,140.0
GFS,2026-08-19 12:00,2026-08-21 00:00,27,광주,1,23.2,100.0,0.0,100.0,70.0,0.0
GFS,2026-08-19 12:00,2026-08-21 03:00,30,광주,1,23.1,100.0,0.0,100.0,98.0,0.0
GFS,2026-08-19 12:00,2026-08-21 06:00,33,광주,1,22.7,100.0,0.0,76.0,100.0,0.0
GFS,2026-08-19 12:00,2026-08-21 09:00,36,광주,1,26.5,100.0,0.0,73.0,100.0,84.0
GFS,2026-08-19 12:00,2026-08-21 12:00,39,광주,1,28.8,100.0,7.0,100.0,100.0,544.0
GFS,2026-08-19 12:00,2026-08-21 15:00,42,광주,1,27.5,100.0,4.0,100.0,100.0,440.0
GFS,2026-08-19 12:00,2026-08-21 18:00,45,광주,1,25.6,100.0,0.0,100.0,100.0,197.0
GFS,2026-08-19 12:00,2026-08-21 21:00,48,광주,1,24.0,100.0,0.0,100.0,100.0,103.0
GFS,2026-08-19 12:00,2026-08-22 00:00,51,광주,1,23.6,100.0,2.0,100.0,100.0,0.0
GFS,2026-08-19 12:00,2026-08-22 03:00,54,광주,1,23.1,99.0,0.0,99.0,33.0,0.0
GFS,2026-08-19 12:00,2026-08-22 06:00,57,광주,1,22.5,100.0,0.0,5.0,100.0,0.0
GFS,2026-08-19 12:00,2026-08-22 09:00,60,광주,1,26.5,99.0,0.0,84.0,99.0,86.0
GFS,2026-08-19 12:00,2026-08-22 12:00,63,광주,1,32.3,99.0,10.0,96.0,98.0,689.0
GFS,2026-08-19 12:00,2026-08-22 15:00,66,광주,1,29.0,100.0,76.0,39.0,100.0,659.0
GFS,2026-08-19 12:00,2026-08-22 18:00,69,광주,1,28.0,100.0,1.0,0.0,100.0,287.0
GFS,2026-08-19 12:00,2026-08-22 21:00,72,광주,1,24.5,100.0,0.0,0.0,100.0,154.0
GFS,2026-08-19 12:00,2026-08-23 00:00,75,광주,1,23.7,100.0,0.0,2.0,100.0,0.0
GFS,2026-08-19 12:00,2026-08-23 03:00,78,광주,1,23.1,92.0,0.0,27.0,92.0,0.0
GFS,2026-08-19 12:00,2026-08-23 06:00,81,광주,1,22.8,61.0,0.0,0.0,61.0,0.0
GFS,2026-08-19 12:00,2026-08-23 09:00,84,광주,1,27.5,46.0,0.0,0.0,46.0,112.0
GFS,2026-08-19 12:00,2026-08-23 12:00,87,광주,1,32.8,82.0,22.0,0.0,82.0,727.0
GFS,2026-08-19 12:00,2026-08-23 15:00,90,광주,1,30.7,100.0,100.0,0.0,5.0,681.0
GFS,2026-08-19 12:00,2026-08-23 18:00,93,광주,1,28.5,7.0,0.0,0.0,7.0,174.0
GFS,2026-08-19 12:00,2026-08-23 21:00,96,광주,1,24.8,28.0,0.0,0.0,28.0,98.0
GFS,2026-08-19 12:00,2026-08-24 00:00,99,광주,1,23.8,0.0,0.0,0.0,0.0,0.0
GFS,2026-08-19 12:00,2026-08-24 03:00,102,광주,1,23.3,5.0,0.0,0.0,5.0,0.0
GFS,2026-08-19 12:00,2026-08-24 06:00,105,광주,1,23.0,5.0,0.0,0.0,5.0,0.0
GFS,2026-08-19 12:00,2026-08-24 09:00,108,광주,1,27.6,0.0,0.0,0.0,0.0,113.0
GFS,2026-08-19 12:00,2026-08-24 12:00,111,광주,1,32.8,22.0,22.0,0.0,0.0,731.0
GFS,2026-08-19 12:00,2026-08-24 15:00,114,광주,1,30.7,100.0,100.0,0.0,0.0,649.0
GFS,2026-08-19 12:00,2026-08-24 18:00,117,광주,1,29.2,4.0,4.0,0.0,0.0,244.0
GFS,2026-08-19 12:00,2026-08-24 21:00,120,광주,1,24.4,0.0,0.0,0.0,0.0,133.0
GFS,2026-08-19 12:00,2026-08-19 21:00,0,부산,1,27.6,18.0,0.0,0.0,18.0,
GFS,2026-08-19 12:00,2026-08-20 00:00,3,부산,1,27.4,99.0,0.0,0.0,99.0,0.0
GFS,2026-08-19 12:00,2026-08-20 03:00,6,부산,1,27.0,82.0,0.0,5.0,82.0,0.0
GFS,2026-08-19 12:00,2026-08-20 06:00,9,부산,1,26.9,100.0,0.0,0.0,100.0,0.0
GFS,2026-08-19 12:00,2026-08-20 09:00,12,부산,1,27.2,94.0,0.0,0.0,94.0,116.0
GFS,2026-08-19 12:00,2026-08-20 12:00,15,부산,1,28.0,100.0,0.0,0.0,100.0,717.0
GFS,2026-08-19 12:00,2026-08-20 15:00,18,부산,1,28.8,97.0,0.0,0.0,97.0,747.0
GFS,2026-08-19 12:00,2026-08-20 18:00,21,부산,1,28.5,100.0,0.0,2.0,100.0,376.0
GFS,2026-08-19 12:00,2026-08-20 21:00,24,부산,1,28.1,100.0,0.0,96.0,100.0,196.0
GFS,2026-08-19 12:00,2026-08-21 00:00,27,부산,1,27.5,77.0,0.0,4.0,77.0,0.0
GFS,2026-08-19 12:00,2026-08-21 03:00,30,부산,1,26.9,60.0,0.0,34.0,58.0,0.0
GFS,2026-08-19 12:00,2026-08-21 06:00,33,부산,1,26.7,100.0,0.0,59.0,100.0,0.0
GFS,2026-08-19 12:00,2026-08-21 09:00,36,부산,1,27.1,83.0,0.0,81.0,46.0,107.0
GFS,2026-08-19 12:00,2026-08-21 12:00,39,부산,1,28.0,100.0,5.0,5.0,100.0,725.0
GFS,2026-08-19 12:00,2026-08-21 15:00,42,부산,1,28.2,100.0,1.0,15.0,100.0,727.0
GFS,2026-08-19 12:00,2026-08-21 18:00,45,부산,1,28.3,100.0,0.0,50.0,100.0,342.0
GFS,2026-08-19 12:00,2026-08-21 21:00,48,부산,1,27.9,100.0,0.0,13.0,100.0,176.0
GFS,2026-08-19 12:00,2026-08-22 00:00,51,부산,1,27.3,99.0,0.0,99.0,41.0,0.0
GFS,2026-08-19 12:00,2026-08-22 03:00,54,부산,1,27.0,95.0,0.0,89.0,94.0,0.0
GFS,2026-08-19 12:00,2026-08-22 06:00,57,부산,1,26.6,74.0,0.0,74.0,21.0,0.0
GFS,2026-08-19 12:00,2026-08-22 09:00,60,부산,1,27.4,5.0,0.0,0.0,5.0,128.0
GFS,2026-08-19 12:00,2026-08-22 12:00,63,부산,1,28.0,100.0,0.0,0.0,100.0,747.0
GFS,2026-08-19 12:00,2026-08-22 15:00,66,부산,1,27.7,100.0,0.0,19.0,100.0,688.0
GFS,2026-08-19 12:00,2026-08-22 18:00,69,부산,1,27.6,91.0,0.0,0.0,91.0,375.0
GFS,2026-08-19 12:00,2026-08-22 21:00,72,부산,1,27.2,100.0,0.0,0.0,100.0,195.0
GFS,2026-08-19 12:00,2026-08-23 00:00,75,부산,1,27.0,98.0,0.0,0.0,98.0,0.0
GFS,2026-08-19 12:00,2026-08-23 03:00,78,부산,1,26.9,64.0,0.0,0.0,64.0,0.0
GFS,2026-08-19 12:00,2026-08-23 06:00,81,부산,1,26.6,22.0,0.0,0.0,22.0,0.0
GFS,2026-08-19 12:00,2026-08-23 09:00,84,부산,1,27.3,22.0,0.0,0.0,22.0,127.0
GFS,2026-08-19 12:00,2026-08-23 12:00,87,부산,1,28.0,2.0,0.0,0.0,2.0,755.0
GFS,2026-08-19 12:00,2026-08-23 15:00,90,부산,1,28.4,3.0,0.0,0.0,3.0,795.0
GFS,2026-08-19 12:00,2026-08-23 18:00,93,부산,1,28.4,29.0,0.0,0.0,29.0,429.0
GFS,2026-08-19 12:00,2026-08-23 21:00,96,부산,1,27.9,48.0,0.0,0.0,48.0,223.0
GFS,2026-08-19 12:00,2026-08-24 00:00,99,부산,1,27.5,91.0,0.0,0.0,91.0,0.0
GFS,2026-08-19 12:00,2026-08-24 03:00,102,부산,1,27.1,3.0,0.0,0.0,3.0,0.0
GFS,2026-08-19 12:00,2026-08-24 06:00,105,부산,1,27.0,5.0,0.0,0.0,5.0,0.0
GFS,2026-08-19 12:00,2026-08-24 09:00,108,부산,1,27.7,4.0,0.0,0.0,4.0,131.0
GFS,2026-08-19 12:00,2026-08-24 12:00,111,부산,1,28.5,0.0,0.0,0.0,0.0,765.0
GFS,2026-08-19 12:00,2026-08-24 15:00,114,부산,1,29.2,0.0,0.0,0.0,0.0,804.0
GFS,2026-08-19 12:00,2026-08-24 18:00,117,부산,1,28.9,0.0,0.0,0.0,0.0,430.0
GFS,2026-08-19 12:00,2026-08-24 21:00,120,부산,1,28.3,0.0,0.0,0.0,0.0,223.0
GFS,2026-08-19 12:00,2026-08-19 21:00,0,인천,0,26.1,99.0,0.0,73.0,99.0,
GFS,2026-08-19 12:00,2026-08-20 00:00,3,인천,0,25.7,97.0,0.0,90.0,96.0,0.0
GFS,2026-08-19 12:00,2026-08-20 03:00,6,인천,0,25.4,100.0,0.0,100.0,68.0,0.0
GFS,2026-08-19 12:00,2026-08-20 06:00,9,인천,0,25.1,100.0,3.0,100.0,100.0,0.0
GFS,2026-08-19 12:00,2026-08-20 09:00,12,인천,0,25.4,100.0,5.0,100.0,12.0,28.0
GFS,2026-08-19 12:00,2026-08-20 12:00,15,인천,0,24.9,100.0,22.0,100.0,99.0,118.0
GFS,2026-08-19 12:00,2026-08-20 15:00,18,인천,0,24.7,100.0,100.0,100.0,40.0,95.0
GFS,2026-08-19 12:00,2026-08-20 18:00,21,인천,0,24.6,100.0,28.0,100.0,100.0,40.0
GFS,2026-08-19 12:00,2026-08-20 21:00,24,인천,0,23.9,100.0,10.0,94.0,85.0,26.0
GFS,2026-08-19 12:00,2026-08-21 00:00,27,인천,0,23.8,97.0,28.0,97.0,0.0,0.0
GFS,2026-08-19 12:00,2026-08-21 03:00,30,인천,0,23.7,94.0,60.0,94.0,0.0,0.0
GFS,2026-08-19 12:00,2026-08-21 06:00,33,인천,0,23.2,85.0,52.0,85.0,3.0,0.0
GFS,2026-08-19 12:00,2026-08-21 09:00,36,인천,0,25.0,100.0,2.0,100.0,100.0,56.0
GFS,2026-08-19 12:00,2026-08-21 12:00,39,인천,0,26.6,73.0,0.0,73.0,5.0,375.0
GFS,2026-08-19 12:00,2026-08-21 15:00,42,인천,0,27.2,100.0,5.0,100.0,100.0,508.0
GFS,2026-08-19 12:00,2026-08-21 18:00,45,인천,0,25.0,100.0,50.0,100.0,100.0,134.0
GFS,2026-08-19 12:00,2026-08-21 21:00,48,인천,0,24.9,100.0,11.0,100.0,100.0,71.0
GFS,2026-08-19 12:00,2026-08-22 00:00,51,인천,0,24.4,100.0,0.0,100.0,100.0,0.0
GFS,2026-08-19 12:00,2026-08-22 03:00,54,인천,0,24.2,100.0,100.0,100.0,95.0,0.0
GFS,2026-08-19 12:00,2026-08-22 06:00,57,인천,0,23.9,98.0,58.0,89.0,98.0,0.0
GFS,2026-08-19 12:00,2026-08-22 09:00,60,인천,0,25.2,100.0,7.0,95.0,100.0,62.0
GFS,2026-08-19 12:00,2026-08-22 12:00,63,인천,0,28.0,100.0,25.0,76.0,100.0,447.0
GFS,2026-08-19 12:00,2026-08-22 15:00,66,인천,0,28.4,100.0,4.0,44.0,100.0,462.0
GFS,2026-08-19 12:00,2026-08-22 18:00,69,인천,0,27.4,100.0,0.0,99.0,100.0,357.0
GFS,2026-08-19 12:00,2026-08-22 21:00,72,인천,0,26.2,93.0,0.0,93.0,70.0,187.0
GFS,2026-08-19 12:00,2026-08-23 00:00,75,인천,0,25.7,100.0,0.0,65.0,100.0,0.0
GFS,2026-08-19 12:00,2026-08-23 03:00,78,인천,0,25.6,100.0,1.0,100.0,100.0,0.0
GFS,2026-08-19 12:00,2026-08-23 06:00,81,인천,0,25.2,100.0,0.0,100.0,100.0,0.0
GFS,2026-08-19 12:00,2026-08-23 09:00,84,인천,0,26.5,89.0,0.0,39.0,89.0,36.0
GFS,2026-08-19 12:00,2026-08-23 12:00,87,인천,0,30.6,24.0,0.0,12.0,17.0,492.0
GFS,2026-08-19 12:00,2026-08-23 15:00,90,인천,0,31.0,95.0,3.0,95.0,18.0,642.0
GFS,2026-08-19 12:00,2026-08-23 18:00,93,인천,0,28.9,67.0,0.0,6.0,67.0,295.0
GFS,2026-08-19 12:00,2026-08-23 21:00,96,인천,0,27.2,5.0,0.0,5.0,4.0,160.0
GFS,2026-08-19 12:00,2026-08-24 00:00,99,인천,0,26.3,5.0,0.0,5.0,5.0,0.0
GFS,2026-08-19 12:00,2026-08-24 03:00,102,인천,0,25.5,5.0,0.0,5.0,0.0,0.0
GFS,2026-08-19 12:00,2026-08-24 06:00,105,인천,0,25.0,39.0,0.0,4.0,39.0,0.0
GFS,2026-08-19 12:00,2026-08-24 09:00,108,인천,0,28.1,25.0,0.0,0.0,25.0,103.0
GFS,2026-08-19 12:00,2026-08-24 12:00,111,인천,0,30.7,12.0,10.0,0.0,5.0,678.0
GFS,2026-08-19 12:00,2026-08-24 15:00,114,인천,0,30.9,100.0,7.0,1.0,100.0,727.0
GFS,2026-08-19 12:00,2026-08-24 18:00,117,인천,0,29.7,14.0,0.0,0.0,14.0,388.0
GFS,2026-08-19 12:00,2026-08-24 21:00,120,인천,0,27.7,5.0,0.0,5.0,4.0,205.0
GFS,2026-08-19 12:00,2026-08-19 21:00,0,수원,0,25.4,99.0,0.0,99.0,86.0,
GFS,2026-08-19 12:00,2026-08-20 00:00,3,수원,0,24.9,100.0,8.0,100.0,93.0,0.0
GFS,2026-08-19 12:00,2026-08-20 03:00,6,수원,0,24.2,100.0,20.0,100.0,50.0,0.0
GFS,2026-08-19 12:00,2026-08-20 06:00,9,수원,0,23.1,100.0,41.0,100.0,92.0,0.0
GFS,2026-08-19 12:00,2026-08-20 09:00,12,수원,0,23.6,100.0,28.0,100.0,71.0,28.0
GFS,2026-08-19 12:00,2026-08-20 12:00,15,수원,0,24.0,100.0,41.0,100.0,100.0,78.0
GFS,2026-08-19 12:00,2026-08-20 15:00,18,수원,0,23.9,100.0,100.0,79.0,5.0,62.0
GFS,2026-08-19 12:00,2026-08-20 18:00,21,수원,0,25.0,100.0,2.0,100.0,46.0,167.0
GFS,2026-08-19 12:00,2026-08-20 21:00,24,수원,0,23.2,100.0,2.0,86.0,100.0,95.0
GFS,2026-08-19 12:00,2026-08-21 00:00,27,수원,0,23.3,100.0,0.0,100.0,12.0,0.0
GFS,2026-08-19 12:00,2026-08-21 03:00,30,수원,0,23.2,95.0,22.0,95.0,0.0,0.0
GFS,2026-08-19 12:00,2026-08-21 06:00,33,수원,0,22.5,100.0,87.0,100.0,6.0,0.0
GFS,2026-08-19 12:00,2026-08-21 09:00,36,수원,0,22.1,100.0,19.0,100.0,100.0,10.0
GFS,2026-08-19 12:00,2026-08-21 12:00,39,수원,0,24.2,95.0,2.0,95.0,43.0,183.0
GFS,2026-08-19 12:00,2026-08-21 15:00,42,수원,0,24.9,100.0,28.0,100.0,100.0,322.0
GFS,2026-08-19 12:00,2026-08-21 18:00,45,수원,0,23.7,100.0,68.0,100.0,100.0,68.0
GFS,2026-08-19 12:00,2026-08-21 21:00,48,수원,0,23.4,99.0,34.0,89.0,99.0,36.0
GFS,2026-08-19 12:00,2026-08-22 00:00,51,수원,0,23.2,97.0,80.0,97.0,20.0,0.0
GFS,2026-08-19 12:00,2026-08-22 03:00,54,수원,0,23.2,100.0,100.0,100.0,100.0,0.0
GFS,2026-08-19 12:00,2026-08-22 06:00,57,수원,0,23.0,100.0,58.0,100.0,100.0,0.0
GFS,2026-08-19 12:00,2026-08-22 09:00,60,수원,0,23.4,100.0,50.0,100.0,100.0,18.0
GFS,2026-08-19 12:00,2026-08-22 12:00,63,수원,0,28.0,100.0,14.0,100.0,100.0,486.0
GFS,2026-08-19 12:00,2026-08-22 15:00,66,수원,0,28.1,100.0,0.0,100.0,100.0,458.0
GFS,2026-08-19 12:00,2026-08-22 18:00,69,수원,0,27.5,74.0,0.0,73.0,51.0,296.0
GFS,2026-08-19 12:00,2026-08-22 21:00,72,수원,0,25.0,63.0,0.0,8.0,63.0,159.0
GFS,2026-08-19 12:00,2026-08-23 00:00,75,수원,0,24.5,77.0,0.0,50.0,62.0,0.0
GFS,2026-08-19 12:00,2026-08-23 03:00,78,수원,0,24.1,96.0,0.0,70.0,96.0,0.0
GFS,2026-08-19 12:00,2026-08-23 06:00,81,수원,0,23.7,100.0,0.0,93.0,100.0,0.0
GFS,2026-08-19 12:00,2026-08-23 09:00,84,수원,0,26.7,54.0,0.0,45.0,25.0,73.0
GFS,2026-08-19 12:00,2026-08-23 12:00,87,수원,0,31.1,28.0,0.0,10.0,23.0,588.0
GFS,2026-08-19 12:00,2026-08-23 15:00,90,수원,0,32.0,70.0,0.0,5.0,70.0,699.0
GFS,2026-08-19 12:00,2026-08-23 18:00,93,수원,0,28.7,36.0,0.0,5.0,36.0,426.0
GFS,2026-08-19 12:00,2026-08-23 21:00,96,수원,0,26.5,5.0,0.0,5.0,5.0,224.0
GFS,2026-08-19 12:00,2026-08-24 00:00,99,수원,0,25.5,5.0,0.0,5.0,3.0,0.0
GFS,2026-08-19 12:00,2026-08-24 03:00,102,수원,0,24.7,5.0,0.0,5.0,0.0,0.0
GFS,2026-08-19 12:00,2026-08-24 06:00,105,수원,0,24.1,14.0,0.0,5.0,14.0,0.0
GFS,2026-08-19 12:00,2026-08-24 09:00,108,수원,0,28.1,29.0,0.0,0.0,29.0,108.0
GFS,2026-08-19 12:00,2026-08-24 12:00,111,수원,0,31.6,66.0,2.0,0.0,66.0,709.0
GFS,2026-08-19 12:00,2026-08-24 15:00,114,수원,0,31.5,85.0,1.0,0.0,85.0,753.0
GFS,2026-08-19 12:00,2026-08-24 18:00,117,수원,0,29.2,0.0,0.0,0.0,0.0,407.0
GFS,2026-08-19 12:00,2026-08-24 21:00,120,수원,0,26.7,60.0,0.0,3.0,60.0,215.0
GFS,2026-08-19 12:00,2026-08-19 21:00,0,전주,0,24.4,100.0,0.0,0.0,100.0,
GFS,2026-08-19 12:00,2026-08-20 00:00,3,전주,0,24.0,84.0,0.0,68.0,84.0,0.0
GFS,2026-08-19 12:00,2026-08-20 03:00,6,전주,0,23.2,100.0,0.0,100.0,100.0,0.0
GFS,2026-08-19 12:00,2026-08-20 06:00,9,전주,0,23.2,100.0,1.0,76.0,100.0,0.0
GFS,2026-08-19 12:00,2026-08-20 09:00,12,전주,0,26.2,100.0,0.0,80.0,100.0,62.0
GFS,2026-08-19 12:00,2026-08-20 12:00,15,전주,0,27.5,100.0,1.0,100.0,100.0,356.0
GFS,2026-08-19 12:00,2026-08-20 15:00,18,전주,0,30.2,99.0,13.0,99.0,23.0,531.0
GFS,2026-08-19 12:00,2026-08-20 18:00,21,전주,0,27.8,96.0,0.0,95.0,77.0,349.0
GFS,2026-08-19 12:00,2026-08-20 21:00,24,전주,0,24.8,100.0,0.0,100.0,92.0,185.0
GFS,2026-08-19 12:00,2026-08-21 00:00,27,전주,0,24.0,100.0,0.0,100.0,100.0,0.0
GFS,2026-08-19 12:00,2026-08-21 03:00,30,전주,0,23.8,100.0,0.0,100.0,82.0,0.0
GFS,2026-08-19 12:00,2026-08-21 06:00,33,전주,0,23.5,100.0,0.0,88.0,100.0,0.0
GFS,2026-08-19 12:00,2026-08-21 09:00,36,전주,0,26.4,100.0,4.0,100.0,100.0,52.0
GFS,2026-08-19 12:00,2026-08-21 12:00,39,전주,0,27.5,100.0,5.0,100.0,100.0,317.0
GFS,2026-08-19 12:00,2026-08-21 15:00,42,전주,0,26.7,100.0,4.0,100.0,100.0,274.0
GFS,2026-08-19 12:00,2026-08-21 18:00,45,전주,0,25.4,100.0,0.0,100.0,100.0,155.0
GFS,2026-08-19 12:00,2026-08-21 21:00,48,전주,0,24.3,100.0,4.0,100.0,54.0,81.0
GFS,2026-08-19 12:00,2026-08-22 00:00,51,전주,0,23.5,97.0,0.0,97.0,39.0,0.0
GFS,2026-08-19 12:00,2026-08-22 03:00,54,전주,0,23.4,92.0,0.0,82.0,88.0,0.0
GFS,2026-08-19 12:00,2026-08-22 06:00,57,전주,0,22.7,100.0,0.0,77.0,100.0,0.0
GFS,2026-08-19 12:00,2026-08-22 09:00,60,전주,0,25.4,100.0,5.0,100.0,100.0,58.0
GFS,2026-08-19 12:00,2026-08-22 12:00,63,전주,0,29.2,100.0,1.0,100.0,100.0,465.0
GFS,2026-08-19 12:00,2026-08-22 15:00,66,전주,0,30.4,96.0,4.0,96.0,79.0,525.0
GFS,2026-08-19 12:00,2026-08-22 18:00,69,전주,0,28.6,40.0,0.0,6.0,40.0,365.0
GFS,2026-08-19 12:00,2026-08-22 21:00,72,전주,0,25.1,99.0,0.0,24.0,99.0,194.0
GFS,2026-08-19 12:00,2026-08-23 00:00,75,전주,0,24.3,92.0,0.0,92.0,69.0,0.0
GFS,2026-08-19 12:00,2026-08-23 03:00,78,전주,0,23.8,98.0,0.0,65.0,98.0,0.0
GFS,2026-08-19 12:00,2026-08-23 06:00,81,전주,0,23.4,97.0,0.0,0.0,97.0,0.0
GFS,2026-08-19 12:00,2026-08-23 09:00,84,전주,0,27.4,100.0,0.0,0.0,100.0,95.0
GFS,2026-08-19 12:00,2026-08-23 12:00,87,전주,0,30.8,100.0,6.0,0.0,100.0,661.0
GFS,2026-08-19 12:00,2026-08-23 15:00,90,전주,0,31.6,76.0,9.0,0.0,74.0,710.0
GFS,2026-08-19 12:00,2026-08-23 18:00,93,전주,0,28.3,5.0,0.0,0.0,5.0,408.0
GFS,2026-08-19 12:00,2026-08-23 21:00,96,전주,0,24.7,2.0,0.0,0.0,2.0,215.0
GFS,2026-08-19 12:00,2026-08-24 00:00,99,전주,0,24.1,0.0,0.0,0.0,0.0,0.0
GFS,2026-08-19 12:00,2026-08-24 03:00,102,전주,0,23.4,5.0,0.0,0.0,5.0,0.0
GFS,2026-08-19 12:00,2026-08-24 06:00,105,전주,0,23.2,0.0,0.0,0.0,0.0,0.0
GFS,2026-08-19 12:00,2026-08-24 09:00,108,전주,0,27.8,0.0,0.0,0.0,0.0,112.0
GFS,2026-08-19 12:00,2026-08-24 12:00,111,전주,0,31.1,0.0,0.0,0.0,0.0,728.0
GFS,2026-08-19 12:00,2026-08-24 15:00,114,전주,0,32.1,1.0,0.0,0.0,1.0,780.0
GFS,2026-08-19 12:00,2026-08-24 18:00,117,전주,0,28.7,0.0,0.0,0.0,0.0,439.0
GFS,2026-08-19 12:00,2026-08-24 21:00,120,전주,0,24.5,0.0,0.0,0.0,0.0,231.0
GFS,2026-08-19 12:00,2026-08-19 21:00,0,강릉,0,25.0,100.0,0.0,81.0,100.0,
GFS,2026-08-19 12:00,2026-08-20 00:00,3,강릉,0,24.7,100.0,0.0,96.0,100.0,0.0
GFS,2026-08-19 12:00,2026-08-20 03:00,6,강릉,0,24.6,100.0,0.0,75.0,100.0,0.0
GFS,2026-08-19 12:00,2026-08-20 06:00,9,강릉,0,24.5,100.0,0.0,100.0,95.0,0.0
GFS,2026-08-19 12:00,2026-08-20 09:00,12,강릉,0,25.4,100.0,0.0,100.0,100.0,75.0
GFS,2026-08-19 12:00,2026-08-20 12:00,15,강릉,0,25.0,100.0,46.0,100.0,44.0,157.0
GFS,2026-08-19 12:00,2026-08-20 15:00,18,강릉,0,24.8,100.0,52.0,100.0,93.0,127.0
GFS,2026-08-19 12:00,2026-08-20 18:00,21,강릉,0,25.1,100.0,31.0,100.0,9.0,42.0
GFS,2026-08-19 12:00,2026-08-20 21:00,24,강릉,0,24.5,98.0,1.0,98.0,98.0,23.0
GFS,2026-08-19 12:00,2026-08-21 00:00,27,강릉,0,24.4,100.0,4.0,94.0,100.0,0.0
GFS,2026-08-19 12:00,2026-08-21 03:00,30,강릉,0,24.0,100.0,4.0,100.0,2.0,0.0
GFS,2026-08-19 12:00,2026-08-21 06:00,33,강릉,0,23.6,76.0,2.0,76.0,1.0,0.0
GFS,2026-08-19 12:00,2026-08-21 09:00,36,강릉,0,25.0,90.0,9.0,90.0,46.0,70.0
GFS,2026-08-19 12:00,2026-08-21 12:00,39,강릉,0,26.1,100.0,1.0,100.0,79.0,431.0
GFS,2026-08-19 12:00,2026-08-21 15:00,42,강릉,0,25.8,100.0,18.0,20.0,100.0,519.0
GFS,2026-08-19 12:00,2026-08-21 18:00,45,강릉,0,24.6,100.0,5.0,100.0,100.0,304.0
GFS,2026-08-19 12:00,2026-08-21 21:00,48,강릉,0,24.2,100.0,5.0,100.0,100.0,155.0
GFS,2026-08-19 12:00,2026-08-22 00:00,51,강릉,0,24.3,100.0,41.0,100.0,18.0,0.0
GFS,2026-08-19 12:00,2026-08-22 03:00,54,강릉,0,23.7,100.0,100.0,100.0,99.0,0.0
GFS,2026-08-19 12:00,2026-08-22 06:00,57,강릉,0,23.5,100.0,7.0,100.0,100.0,0.0
GFS,2026-08-19 12:00,2026-08-22 09:00,60,강릉,0,24.7,100.0,1.0,99.0,99.0,65.0
GFS,2026-08-19 12:00,2026-08-22 12:00,63,강릉,0,25.4,100.0,0.0,100.0,100.0,512.0
GFS,2026-08-19 12:00,2026-08-22 15:00,66,강릉,0,25.0,100.0,14.0,96.0,100.0,562.0
GFS,2026-08-19 12:00,2026-08-22 18:00,69,강릉,0,24.9,100.0,0.0,42.0,100.0,197.0
GFS,2026-08-19 12:00,2026-08-22 21:00,72,강릉,0,24.3,97.0,0.0,75.0,96.0,105.0
GFS,2026-08-19 12:00,2026-08-23 00:00,75,강릉,0,24.3,50.0,0.0,16.0,50.0,0.0
GFS,2026-08-19 12:00,2026-08-23 03:00,78,강릉,0,24.0,87.0,0.0,59.0,87.0,0.0
GFS,2026-08-19 12:00,2026-08-23 06:00,81,강릉,0,24.1,100.0,0.0,70.0,100.0,0.0
GFS,2026-08-19 12:00,2026-08-23 09:00,84,강릉,0,26.3,91.0,0.0,91.0,5.0,108.0
GFS,2026-08-19 12:00,2026-08-23 12:00,87,강릉,0,27.3,44.0,0.0,5.0,44.0,698.0
GFS,2026-08-19 12:00,2026-08-23 15:00,90,강릉,0,26.7,8.0,0.0,5.0,8.0,741.0
GFS,2026-08-19 12:00,2026-08-23 18:00,93,강릉,0,26.6,5.0,0.0,5.0,3.0,408.0
GFS,2026-08-19 12:00,2026-08-23 21:00,96,강릉,0,26.3,9.0,5.0,9.0,5.0,213.0
GFS,2026-08-19 12:00,2026-08-24 00:00,99,강릉,0,25.9,5.0,0.0,5.0,0.0,0.0
GFS,2026-08-19 12:00,2026-08-24 03:00,102,강릉,0,25.3,5.0,0.0,5.0,4.0,0.0
GFS,2026-08-19 12:00,2026-08-24 06:00,105,강릉,0,25.0,6.0,0.0,4.0,6.0,0.0
GFS,2026-08-19 12:00,2026-08-24 09:00,108,강릉,0,28.0,27.0,0.0,0.0,27.0,126.0
GFS,2026-08-19 12:00,2026-08-24 12:00,111,강릉,0,29.1,12.0,0.0,0.0,12.0,710.0
GFS,2026-08-19 12:00,2026-08-24 15:00,114,강릉,0,25.7,44.0,25.0,0.0,22.0,746.0
GFS,2026-08-19 12:00,2026-08-24 18:00,117,강릉,0,26.1,74.0,0.0,0.0,74.0,328.0
GFS,2026-08-19 12:00,2026-08-24 21:00,120,강릉,0,24.9,18.0,0.0,7.0,18.0,172.0
GFS,2026-08-19 12:00,2026-08-19 21:00,0,제주,0,25.3,100.0,1.0,0.0,100.0,
GFS,2026-08-19 12:00,2026-08-20 00:00,3,제주,0,24.8,62.0,0.0,0.0,62.0,0.0
GFS,2026-08-19 12:00,2026-08-20 03:00,6,제주,0,24.6,66.0,2.0,0.0,66.0,0.0
GFS,2026-08-19 12:00,2026-08-20 06:00,9,제주,0,24.7,98.0,0.0,0.0,98.0,0.0
GFS,2026-08-19 12:00,2026-08-20 09:00,12,제주,0,27.5,63.0,10.0,0.0,63.0,93.0
GFS,2026-08-19 12:00,2026-08-20 12:00,15,제주,0,29.8,100.0,24.0,0.0,100.0,702.0
GFS,2026-08-19 12:00,2026-08-20 15:00,18,제주,0,29.8,100.0,21.0,0.0,100.0,719.0
GFS,2026-08-19 12:00,2026-08-20 18:00,21,제주,0,27.9,25.0,10.0,0.0,20.0,297.0
GFS,2026-08-19 12:00,2026-08-20 21:00,24,제주,0,25.5,92.0,1.0,0.0,92.0,163.0
GFS,2026-08-19 12:00,2026-08-21 00:00,27,제주,0,25.2,14.0,0.0,0.0,14.0,0.0
GFS,2026-08-19 12:00,2026-08-21 03:00,30,제주,0,25.0,79.0,0.0,0.0,79.0,0.0
GFS,2026-08-19 12:00,2026-08-21 06:00,33,제주,0,24.7,100.0,0.0,0.0,100.0,0.0
GFS,2026-08-19 12:00,2026-08-21 09:00,36,제주,0,28.1,65.0,0.0,0.0,65.0,108.0
GFS,2026-08-19 12:00,2026-08-21 12:00,39,제주,0,30.1,99.0,6.0,0.0,99.0,730.0
GFS,2026-08-19 12:00,2026-08-21 15:00,42,제주,0,29.9,100.0,8.0,1.0,100.0,751.0
GFS,2026-08-19 12:00,2026-08-21 18:00,45,제주,0,28.2,100.0,0.0,0.0,100.0,387.0
GFS,2026-08-19 12:00,2026-08-21 21:00,48,제주,0,25.5,95.0,0.0,0.0,95.0,203.0
GFS,2026-08-19 12:00,2026-08-22 00:00,51,제주,0,24.9,33.0,3.0,0.0,33.0,0.0
GFS,2026-08-19 12:00,2026-08-22 03:00,54,제주,0,24.6,64.0,0.0,0.0,64.0,0.0
GFS,2026-08-19 12:00,2026-08-22 06:00,57,제주,0,24.4,0.0,0.0,0.0,0.0,0.0
GFS,2026-08-19 12:00,2026-08-22 09:00,60,제주,0,28.0,4.0,0.0,0.0,4.0,121.0
GFS,2026-08-19 12:00,2026-08-22 12:00,63,제주,0,30.4,13.0,13.0,0.0,0.0,763.0
GFS,2026-08-19 12:00,2026-08-22 15:00,66,제주,0,30.0,26.0,26.0,0.0,0.0,777.0
GFS,2026-08-19 12:00,2026-08-22 18:00,69,제주,0,28.2,14.0,14.0,0.0,0.0,420.0
GFS,2026-08-19 12:00,2026-08-22 21:00,72,제주,0,25.8,0.0,0.0,0.0,0.0,222.0
GFS,2026-08-19 12:00,2026-08-23 00:00,75,제주,0,25.5,3.0,0.0,0.0,3.0,0.0
GFS,2026-08-19 12:00,2026-08-23 03:00,78,제주,0,25.1,2.0,0.0,0.0,2.0,0.0
GFS,2026-08-19 12:00,2026-08-23 06:00,81,제주,0,24.8,1.0,0.0,0.0,1.0,0.0
GFS,2026-08-19 12:00,2026-08-23 09:00,84,제주,0,28.1,23.0,0.0,0.0,23.0,120.0
GFS,2026-08-19 12:00,2026-08-23 12:00,87,제주,0,30.4,5.0,5.0,0.0,0.0,765.0
GFS,2026-08-19 12:00,2026-08-23 15:00,90,제주,0,29.9,29.0,29.0,0.0,0.0,800.0
GFS,2026-08-19 12:00,2026-08-23 18:00,93,제주,0,28.4,8.0,8.0,0.0,0.0,391.0
GFS,2026-08-19 12:00,2026-08-23 21:00,96,제주,0,26.2,0.0,0.0,0.0,0.0,209.0
GFS,2026-08-19 12:00,2026-08-24 00:00,99,제주,0,25.5,0.0,0.0,0.0,0.0,0.0
GFS,2026-08-19 12:00,2026-08-24 03:00,102,제주,0,24.9,0.0,0.0,0.0,0.0,0.0
GFS,2026-08-19 12:00,2026-08-24 06:00,105,제주,0,24.5,0.0,0.0,0.0,0.0,0.0
GFS,2026-08-19 12:00,2026-08-24 09:00,108,제주,0,27.5,0.0,0.0,0.0,0.0,121.0
GFS,2026-08-19 12:00,2026-08-24 12:00,111,제주,0,29.1,9.0,9.0,0.0,0.0,767.0
GFS,2026-08-19 12:00,2026-08-24 15:00,114,제주,0,28.6,22.0,22.0,0.0,0.0,788.0
GFS,2026-08-19 12:00,2026-08-24 18:00,117,제주,0,27.1,9.0,9.0,0.0,0.0,451.0
GFS,2026-08-19 12:00,2026-08-24 21:00,120,제주,0,25.0,0.0,0.0,0.0,0.0,238.0
GFS,2026-08-19 12:00,2026-08-19 21:00,0,나주,0,24.8,100.0,0.0,0.0,100.0,
GFS,2026-08-19 12:00,2026-08-20 00:00,3,나주,0,24.2,100.0,7.0,2.0,100.0,0.0
GFS,2026-08-19 12:00,2026-08-20 03:00,6,나주,0,23.6,100.0,0.0,0.0,100.0,0.0
GFS,2026-08-19 12:00,2026-08-20 06:00,9,나주,0,23.2,100.0,0.0,70.0,100.0,0.0
GFS,2026-08-19 12:00,2026-08-20 09:00,12,나주,0,28.1,90.0,0.0,1.0,90.0,103.0
GFS,2026-08-19 12:00,2026-08-20 12:00,15,나주,0,31.3,100.0,70.0,17.0,100.0,640.0
GFS,2026-08-19 12:00,2026-08-20 15:00,18,나주,0,29.3,100.0,20.0,77.0,100.0,605.0
GFS,2026-08-19 12:00,2026-08-20 18:00,21,나주,0,27.6,100.0,0.0,39.0,100.0,354.0
GFS,2026-08-19 12:00,2026-08-20 21:00,24,나주,0,24.9,97.0,0.0,93.0,86.0,188.0
GFS,2026-08-19 12:00,2026-08-21 00:00,27,나주,0,24.0,100.0,0.0,100.0,97.0,0.0
GFS,2026-08-19 12:00,2026-08-21 03:00,30,나주,0,23.9,100.0,0.0,100.0,89.0,0.0
GFS,2026-08-19 12:00,2026-08-21 06:00,33,나주,0,23.7,100.0,0.0,90.0,100.0,0.0
GFS,2026-08-19 12:00,2026-08-21 09:00,36,나주,0,27.9,100.0,0.0,6.0,100.0,98.0
GFS,2026-08-19 12:00,2026-08-21 12:00,39,나주,0,31.0,100.0,34.0,55.0,100.0,636.0
GFS,2026-08-19 12:00,2026-08-21 15:00,42,나주,0,29.8,100.0,34.0,100.0,100.0,608.0
GFS,2026-08-19 12:00,2026-08-21 18:00,45,나주,0,26.8,100.0,4.0,100.0,100.0,225.0
GFS,2026-08-19 12:00,2026-08-21 21:00,48,나주,0,25.0,100.0,0.0,98.0,100.0,117.0
GFS,2026-08-19 12:00,2026-08-22 00:00,51,나주,0,24.4,99.0,0.0,59.0,99.0,0.0
GFS,2026-08-19 12:00,2026-08-22 03:00,54,나주,0,23.6,21.0,0.0,12.0,17.0,0.0
GFS,2026-08-19 12:00,2026-08-22 06:00,57,나주,0,23.1,100.0,0.0,4.0,100.0,0.0
GFS,2026-08-19 12:00,2026-08-22 09:00,60,나주,0,27.3,74.0,0.0,65.0,71.0,90.0
GFS,2026-08-19 12:00,2026-08-22 12:00,63,나주,0,31.9,100.0,28.0,8.0,100.0,695.0
GFS,2026-08-19 12:00,2026-08-22 15:00,66,나주,0,30.9,97.0,11.0,1.0,97.0,731.0
GFS,2026-08-19 12:00,2026-08-22 18:00,69,나주,0,29.4,67.0,8.0,0.0,67.0,418.0
GFS,2026-08-19 12:00,2026-08-22 21:00,72,나주,0,25.5,100.0,1.0,0.0,100.0,221.0
GFS,2026-08-19 12:00,2026-08-23 00:00,75,나주,0,24.4,92.0,0.0,0.0,92.0,0.0
GFS,2026-08-19 12:00,2026-08-23 03:00,78,나주,0,23.8,42.0,0.0,0.0,42.0,0.0
GFS,2026-08-19 12:00,2026-08-23 06:00,81,나주,0,23.3,7.0,0.0,0.0,7.0,0.0
GFS,2026-08-19 12:00,2026-08-23 09:00,84,나주,0,28.2,10.0,0.0,0.0,10.0,117.0
GFS,2026-08-19 12:00,2026-08-23 12:00,87,나주,0,33.0,13.0,12.0,0.0,6.0,739.0
GFS,2026-08-19 12:00,2026-08-23 15:00,90,나주,0,32.2,98.0,98.0,0.0,1.0,726.0
GFS,2026-08-19 12:00,2026-08-23 18:00,93,나주,0,29.4,42.0,0.0,0.0,42.0,259.0
GFS,2026-08-19 12:00,2026-08-23 21:00,96,나주,0,25.5,3.0,0.0,0.0,3.0,141.0
GFS,2026-08-19 12:00,2026-08-24 00:00,99,나주,0,24.5,0.0,0.0,0.0,0.0,0.0
GFS,2026-08-19 12:00,2026-08-24 03:00,102,나주,0,24.0,4.0,0.0,0.0,4.0,0.0
GFS,2026-08-19 12:00,2026-08-24 06:00,105,나주,0,23.6,5.0,0.0,0.0,5.0,0.0
GFS,2026-08-19 12:00,2026-08-24 09:00,108,나주,0,28.0,0.0,0.0,0.0,0.0,115.0
GFS,2026-08-19 12:00,2026-08-24 12:00,111,나주,0,32.4,6.0,6.0,0.0,0.0,743.0
GFS,2026-08-19 12:00,2026-08-24 15:00,114,나주,0,34.1,30.0,30.0,0.0,0.0,791.0
GFS,2026-08-19 12:00,2026-08-24 18:00,117,나주,0,29.7,0.0,0.0,0.0,0.0,412.0
GFS,2026-08-19 12:00,2026-08-24 21:00,120,나주,0,25.4,0.0,0.0,0.0,0.0,218.0
